SET autocommit = 0;
START TRANSACTION;

insert into Test values (1, 'Escala de ansiedad de Hamilton');

insert into TestQuestion values(1, 1, 1,'Estado de animo ansioso', 'Preocupaciones, anticipación de lo peor, aprensión (anticipación temerosa), irritabilidad');
insert into TestQuestion values(2, 1, 2,'Tensión', 'Sensación de tensión, imposibilidad de relajarse, reacciones con sobresalto, llanto fácil, temblores,
sensación de inquietud.');
insert into TestQuestion values(3, 1, 3,'Temores', 'A la oscuridad, a los desconocidos, a quedarse solo, a los animales grandes, al tráfico, a las multitudes.');
insert into TestQuestion values(4, 1, 4,'Insomnio', 'Dificultad para dormirse, sueño interrumpido, sueño insatisfactorio y cansancio al despertar.');
insert into TestQuestion values(5, 1, 5,'Intelectual (cognitivo)','Dificultad para concentrarse, mala memoria.');
insert into TestQuestion values(6, 1, 6,'Estado de animo deprimido', 'Pérdida de interés, insatisfacción en las diversiones,
depresión, despertar prematuro, cambios de humor
durante el día.');
insert into TestQuestion values(7, 1, 7,'Síntomas somáticos generales (musculares)', 'Dolores y molestias musculares, rigidez muscular,
contracciones musculares, sacudidas clónicas, crujir de dientes, voz temblorosa. ');
insert into TestQuestion values(8, 1, 8,'Síntomas somáticos generales (sensoriales)', 'Zumbidos de oídos, visión borrosa, sofocos y escalofríos,
sensación de debilidad, sensación de hormigueo.');
insert into TestQuestion values(9, 1, 9,'Síntomas cardiovasculares.', 'Taquicardia, palpitaciones, dolor en el pecho, latidos
vasculares, sensación de desmayo, extrasístole.');
insert into TestQuestion values(10, 1, 10,'Síntomas respiratorios.', 'Opresión o constricción en el pecho, sensación de ahogo,
suspiros, disnea.');
insert into TestQuestion values(11, 1, 11,'Síntomas gastrointestinales.', 'Dificultad para tragar, gases, dispepsia: dolor antes y
después de comer, sensación de ardor, sensación de estómago lleno, vómitos acuosos, vómitos, sensación de estómago vacío, digestión lenta, borborigmos (ruido intestinal), diarrea, pérdida de peso, estreñimiento.');
insert into TestQuestion values(12, 1, 12,'Síntomas genitourinarios.', 'Micción frecuente, micción urgente, amenorrea, menorragia, aparición de la frigidez, eyaculación precoz, ausencia de erección, impotencia. ');
insert into TestQuestion values(13, 1, 13,'Síntomas autónomos.', 'Boca seca, rubor, palidez, tendencia a sudar, vértigos, cefaleas de tensión, piloerección (pelos de punta)');
insert into TestQuestion values(14, 1, 14,'Comportamiento en la entrevista (general y fisiológico)', 'Tenso, no relajado, agitación nerviosa: manos, dedos cogidos, apretados, tics, enrollar un pañuelo; inquietud; pasearse de un lado a otro, temblor de manos, ceño fruncido, cara tirante, aumento del tono muscular, suspiros, palidez facial. Tragar saliva, eructar, taquicardia de reposo, frecuencia respiratoria por encima de 20 res/min, sacudidas enérgicas de tendones, temblor, pupilas dilatadas, exoftalmos (proyección anormal del globo del ojo), sudor, tics en los párpados.');

insert into Medicamento (medicamento_id, nombre, ingrediente_activo, laboratorio, presentacion) values (1, 'Largactil', 'Clorpromazina', 'Sanofi', '100 mg');
insert into Medicamento (medicamento_id, nombre, ingrediente_activo, laboratorio, presentacion) values (2, 'Fluoxetina', 'Fluoxetina', 'Farmacom', '20 mg');
insert into Medicamento (medicamento_id, nombre, ingrediente_activo, laboratorio, presentacion) values (3, 'Psicolit', 'Carbonato de litio', 'Farmaquimica del Pacifico', '300 mg');
insert into Medicamento (medicamento_id, nombre, ingrediente_activo, laboratorio, presentacion) values (4, 'Valium', 'Diazepam', 'Roche', '10 mg');
insert into Medicamento (medicamento_id, nombre, ingrediente_activo, laboratorio, presentacion) values (5, 'Anafranil', 'Clomipramina', 'Novartis', '25 mg');
insert into Medicamento (medicamento_id, nombre, ingrediente_activo, laboratorio, presentacion) values (6, 'Rubidexol', 'Metadona', 'Pisa', '10 mg');
insert into Medicamento (medicamento_id, nombre, ingrediente_activo, laboratorio, presentacion) values (7, 'Carbamezapina', 'Carbamezapina', 'LaboratorioChile', '200 mg');
insert into Medicamento (medicamento_id, nombre, ingrediente_activo, laboratorio, presentacion) values (8, 'Brospina', 'Buprenarfina', 'Pisa', '0.3 mg');
insert into Medicamento (medicamento_id, nombre, ingrediente_activo, laboratorio, presentacion) values (9, 'Amitriptilina', 'Amitriptilina', 'LaboratorioChile', '25 mg');
insert into Medicamento (medicamento_id, nombre, ingrediente_activo, laboratorio, presentacion) values (10, 'Haloperidol', 'Haloperidol', 'Crescent', '10 mg');

# --- START Pacientes
insert into Paciente (paciente_id, first_name, last_name, gender, birth_date, blood_type, main_addr, phone_num, email) values (1, 'Goraud', 'Mildenhall', 'M', '1993-08-14 10:14:22', 'AB+', '97532 Summer Ridge Terrace', '850-379-6892', 'gmildenhall0@trellian.com');
insert into Paciente (paciente_id, first_name, last_name, gender, birth_date, blood_type, main_addr, phone_num, email) values (2, 'Mohandas', 'Waistall', 'M', '2008-08-12 14:43:41', 'A+', '249 Eagan Avenue', '771-107-5529', 'mwaistall1@is.gd');
insert into Paciente (paciente_id, first_name, last_name, gender, birth_date, blood_type, main_addr, phone_num, email) values (3, 'Kristen', 'Brisard', 'F', '2009-05-02 06:05:05', 'A+', '3329 Nelson Terrace', '300-937-2648', 'kbrisard2@ftc.gov');
insert into Paciente (paciente_id, first_name, last_name, gender, birth_date, blood_type, main_addr, phone_num, email) values (4, 'Kendell', 'Tyne', 'M', '1984-11-13 19:38:22', 'AB+', '53 Vidon Alley', '693-769-6731', 'ktyne3@nba.com');
insert into Paciente (paciente_id, first_name, last_name, gender, birth_date, blood_type, main_addr, phone_num, email) values (5, 'Jarrid', 'Lockyear', 'M', '1993-03-16 08:15:29', 'AB+', '85935 Barnett Point', '624-222-2214', 'jlockyear4@eventbrite.com');# --- END Pacientes


insert into Doctor (doctor_id, first_name, last_name, licence_num, office_num, phone_num, email) values (1, 'Clementina', 'Lydiard', 'B1651560327', '101-A', '873-200-2583', 'clydiard0@toplist.cz');
insert into Doctor (doctor_id, first_name, last_name, licence_num, office_num, phone_num, email) values (2, 'Karmen', 'Barth', 'T0252725008', '101-B', '201-688-5615', 'kbarth1@histats.com');
insert into Doctor (doctor_id, first_name, last_name, licence_num, office_num, phone_num, email) values (3, 'Nora', 'Hussy', 'V3598211547', '102-A', '141-158-6333', 'nhussy2@studiopress.com');


insert into RecetaMedica (receta_id, instrucciones, dias, frecuencia, dosis) values (1, 'Tomar una cada 12 horas por una semana', 7, 2, 1);
insert into RecetaMedica (receta_id, instrucciones, dias, frecuencia, dosis) values (2, 'Tomar una cada 12 horas por una semana', 7, 2, 1);
insert into RecetaMedica (receta_id, instrucciones, dias, frecuencia, dosis) values (3, 'Tomar una cada 12 horas por una semana', 7, 2, 1);
insert into RecetaMedica (receta_id, instrucciones, dias, frecuencia, dosis) values (4, 'Tomar una cada 12 horas por una semana', 7, 2, 1);
insert into RecetaMedica (receta_id, instrucciones, dias, frecuencia, dosis) values (5, 'Tomar una cada 12 horas por una semana', 7, 2, 1);
insert into RecetaMedica (receta_id, instrucciones, dias, frecuencia, dosis) values (6, 'Tomar una cada 12 horas por una semana', 7, 2, 1);
insert into RecetaMedica (receta_id, instrucciones, dias, frecuencia, dosis) values (7, 'Tomar una cada 12 horas por una semana', 7, 2, 1);
insert into RecetaMedica (receta_id, instrucciones, dias, frecuencia, dosis) values (8, 'Tomar una cada 12 horas por una semana', 7, 2, 1);
insert into RecetaMedica (receta_id, instrucciones, dias, frecuencia, dosis) values (9, 'Tomar una cada 12 horas por una semana', 7, 2, 1);
insert into RecetaMedica (receta_id, instrucciones, dias, frecuencia, dosis) values (10, 'Tomar una cada 12 horas por una semana', 7, 2, 1);
insert into RecetaMedica (receta_id, instrucciones, dias, frecuencia, dosis) values (11, 'Tomar una cada 12 horas por una semana', 7, 2, 1);
insert into RecetaMedica (receta_id, instrucciones, dias, frecuencia, dosis) values (12, 'Tomar una cada 12 horas por una semana', 7, 2, 1);
insert into RecetaMedica (receta_id, instrucciones, dias, frecuencia, dosis) values (13, 'Tomar una cada 12 horas por una semana', 7, 2, 1);
insert into RecetaMedica (receta_id, instrucciones, dias, frecuencia, dosis) values (14, 'Tomar una cada 12 horas por una semana', 7, 2, 1);
insert into RecetaMedica (receta_id, instrucciones, dias, frecuencia, dosis) values (15, 'Tomar una cada 12 horas por una semana', 7, 2, 1);
, 'Tomar una cada 12 horas por una semana', 7, 2, 1);
insert into RecetaMedica (receta_id, instrucciones, dias, frecuencia, dosis) values (16, 'Tomar una cada 12 horas por una semana', 7, 2, 1);
insert into RecetaMedica (receta_id, instrucciones, dias, frecuencia, dosis) values (17, 'Tomar una cada 12 horas por una semana', 7, 2, 1);
insert into RecetaMedica (receta_id, instrucciones, dias, frecuencia, dosis) values (18, 'Tomar una cada 12 horas por una semana', 7, 2, 1);
insert into RecetaMedica (receta_id, instrucciones, dias, frecuencia, dosis) values (19, 'Tomar una cada 12 horas por una semana', 7, 2, 1);
insert into RecetaMedica (receta_id, instrucciones, dias, frecuencia, dosis) values (20, 'Tomar una cada 12 horas por una semana', 7, 2, 1);
insert into RecetaMedica (receta_id, instrucciones, dias, frecuencia, dosis) values (21, 'Tomar una cada 12 horas por una semana', 7, 2, 1);
insert into RecetaMedica (receta_id, instrucciones, dias, frecuencia, dosis) values (22, 'Tomar una cada 12 horas por una semana', 7, 2, 1);
insert into RecetaMedica (receta_id, instrucciones, dias, frecuencia, dosis) values (23, 'Tomar una cada 12 horas por una semana', 7, 2, 1);
insert into RecetaMedica (receta_id, instrucciones, dias, frecuencia, dosis) values (24, 'Tomar una cada 12 horas por una semana', 7, 2, 1);
insert into RecetaMedica (receta_id, instrucciones, dias, frecuencia, dosis) values (25, 'Tomar una cada 12 horas por una semana', 7, 2, 1);

insert into MedicamentosPorReceta (id_receta, id_medicamento) values (1, 1);
insert into MedicamentosPorReceta (id_receta, id_medicamento) values (1, 4);
insert into MedicamentosPorReceta (id_receta, id_medicamento) values (1, 9);
insert into MedicamentosPorReceta (id_receta, id_medicamento) values (2, 1);
insert into MedicamentosPorReceta (id_receta, id_medicamento) values (2, 4);
insert into MedicamentosPorReceta (id_receta, id_medicamento) values (2, 9);
insert into MedicamentosPorReceta (id_receta, id_medicamento) values (3, 1);
insert into MedicamentosPorReceta (id_receta, id_medicamento) values (3, 4);
insert into MedicamentosPorReceta (id_receta, id_medicamento) values (3, 9);
insert into MedicamentosPorReceta (id_receta, id_medicamento) values (4, 1);
insert into MedicamentosPorReceta (id_receta, id_medicamento) values (4, 4);
insert into MedicamentosPorReceta (id_receta, id_medicamento) values (4, 9);
insert into MedicamentosPorReceta (id_receta, id_medicamento) values (5, 1);
insert into MedicamentosPorReceta (id_receta, id_medicamento) values (5, 4);
insert into MedicamentosPorReceta (id_receta, id_medicamento) values (5, 9);
insert into MedicamentosPorReceta (id_receta, id_medicamento) values (6, 4);
insert into MedicamentosPorReceta (id_receta, id_medicamento) values (6, 5);
insert into MedicamentosPorReceta (id_receta, id_medicamento) values (6, 6);
insert into MedicamentosPorReceta (id_receta, id_medicamento) values (7, 4);
insert into MedicamentosPorReceta (id_receta, id_medicamento) values (7, 5);
insert into MedicamentosPorReceta (id_receta, id_medicamento) values (7, 6);
insert into MedicamentosPorReceta (id_receta, id_medicamento) values (8, 4);
insert into MedicamentosPorReceta (id_receta, id_medicamento) values (8, 5);
insert into MedicamentosPorReceta (id_receta, id_medicamento) values (8, 6);
insert into MedicamentosPorReceta (id_receta, id_medicamento) values (9, 4);
insert into MedicamentosPorReceta (id_receta, id_medicamento) values (9, 5);
insert into MedicamentosPorReceta (id_receta, id_medicamento) values (9, 6);
insert into MedicamentosPorReceta (id_receta, id_medicamento) values (10, 4);
insert into MedicamentosPorReceta (id_receta, id_medicamento) values (10, 5);
insert into MedicamentosPorReceta (id_receta, id_medicamento) values (10, 6);
insert into MedicamentosPorReceta (id_receta, id_medicamento) values (11, 1);
insert into MedicamentosPorReceta (id_receta, id_medicamento) values (11, 4);
insert into MedicamentosPorReceta (id_receta, id_medicamento) values (11, 10);
insert into MedicamentosPorReceta (id_receta, id_medicamento) values (12, 1);
insert into MedicamentosPorReceta (id_receta, id_medicamento) values (12, 4);
insert into MedicamentosPorReceta (id_receta, id_medicamento) values (12, 10);
insert into MedicamentosPorReceta (id_receta, id_medicamento) values (13, 1);
insert into MedicamentosPorReceta (id_receta, id_medicamento) values (13, 5);
insert into MedicamentosPorReceta (id_receta, id_medicamento) values (13, 10);
insert into MedicamentosPorReceta (id_receta, id_medicamento) values (14, 1);
insert into MedicamentosPorReceta (id_receta, id_medicamento) values (14, 4);
insert into MedicamentosPorReceta (id_receta, id_medicamento) values (14, 10);
insert into MedicamentosPorReceta (id_receta, id_medicamento) values (15, 1);
insert into MedicamentosPorReceta (id_receta, id_medicamento) values (15, 4);
insert into MedicamentosPorReceta (id_receta, id_medicamento) values (15, 10);
insert into MedicamentosPorReceta (id_receta, id_medicamento) values (16, 1);
insert into MedicamentosPorReceta (id_receta, id_medicamento) values (16, 4);
insert into MedicamentosPorReceta (id_receta, id_medicamento) values (16, 9);
insert into MedicamentosPorReceta (id_receta, id_medicamento) values (17, 1);
insert into MedicamentosPorReceta (id_receta, id_medicamento) values (17, 4);
insert into MedicamentosPorReceta (id_receta, id_medicamento) values (17, 9);
insert into MedicamentosPorReceta (id_receta, id_medicamento) values (18, 1);
insert into MedicamentosPorReceta (id_receta, id_medicamento) values (18, 4);
insert into MedicamentosPorReceta (id_receta, id_medicamento) values (18, 9);
insert into MedicamentosPorReceta (id_receta, id_medicamento) values (19, 1);
insert into MedicamentosPorReceta (id_receta, id_medicamento) values (19, 4);
insert into MedicamentosPorReceta (id_receta, id_medicamento) values (19, 9);
insert into MedicamentosPorReceta (id_receta, id_medicamento) values (20, 1);
insert into MedicamentosPorReceta (id_receta, id_medicamento) values (20, 4);
insert into MedicamentosPorReceta (id_receta, id_medicamento) values (20, 9);
insert into MedicamentosPorReceta (id_receta, id_medicamento) values (21, 4);
insert into MedicamentosPorReceta (id_receta, id_medicamento) values (21, 5);
insert into MedicamentosPorReceta (id_receta, id_medicamento) values (21, 9);
insert into MedicamentosPorReceta (id_receta, id_medicamento) values (22, 4);
insert into MedicamentosPorReceta (id_receta, id_medicamento) values (22, 5);
insert into MedicamentosPorReceta (id_receta, id_medicamento) values (22, 9);
insert into MedicamentosPorReceta (id_receta, id_medicamento) values (23, 4);
insert into MedicamentosPorReceta (id_receta, id_medicamento) values (23, 5);
insert into MedicamentosPorReceta (id_receta, id_medicamento) values (23, 9);
insert into MedicamentosPorReceta (id_receta, id_medicamento) values (24, 4);
insert into MedicamentosPorReceta (id_receta, id_medicamento) values (24, 5);
insert into MedicamentosPorReceta (id_receta, id_medicamento) values (24, 9);
insert into MedicamentosPorReceta (id_receta, id_medicamento) values (25, 4);
insert into MedicamentosPorReceta (id_receta, id_medicamento) values (25, 5);
insert into MedicamentosPorReceta (id_receta, id_medicamento) values (25, 9);


INSERT INTO DSM5(dsm5_id,icd9_code,icd10_code, description) VALUES (1,'V62.3','Z55.9','Academic or educational problem');
INSERT INTO DSM5(dsm5_id,icd9_code,icd10_code, description) VALUES (2,'V62.4','Z60.3','Acculturation difficulty');
INSERT INTO DSM5(dsm5_id,icd9_code,icd10_code, description) VALUES (3,'308.3','F43.0','Acute stress disorder');
INSERT INTO DSM5(dsm5_id,icd9_code,icd10_code, description) VALUES (4,NULL,NULL,'Adjustment disorder');
INSERT INTO DSM5(dsm5_id,icd9_code,icd10_code, description) VALUES (5,'309.9','F43.20','Adjustment disorder, Unspecified');
INSERT INTO DSM5(dsm5_id,icd9_code,icd10_code, description) VALUES (6,'309.24','F43.22','Adjustment disorder, With anxiety');
INSERT INTO DSM5(dsm5_id,icd9_code,icd10_code, description) VALUES (7,'309','F43.21','Adjustment disorder, With depressed mood');
INSERT INTO DSM5(dsm5_id,icd9_code,icd10_code, description) VALUES (8,'309.3','F43.24','Adjustment disorder, With disturbance of conduct');
INSERT INTO DSM5(dsm5_id,icd9_code,icd10_code, description) VALUES (9,'309.28','F43.23','Adjustment disorder, With mixed anxiety and depressed mood');
INSERT INTO DSM5(dsm5_id,icd9_code,icd10_code, description) VALUES (10,'309.4','F43.25','Adjustment disorder, With mixed disturbance of emotions and conduct');
INSERT INTO DSM5(dsm5_id,icd9_code,icd10_code, description) VALUES (11,'V71.01','Z72.811','Adult antisocial behavior');
INSERT INTO DSM5(dsm5_id,icd9_code,icd10_code, description) VALUES (12,NULL,NULL,'Adult physical abuse by nonspouse or nonpartner, Confirmed');
INSERT INTO DSM5(dsm5_id,icd9_code,icd10_code, description) VALUES (13,'995.81','T74.11XA','Adult physical abuse by nonspouse or nonpartner, Confirmed, Initial encounter');
INSERT INTO DSM5(dsm5_id,icd9_code,icd10_code, description) VALUES (14,'995.81','T74.11XD','Adult physical abuse by nonspouse or nonpartner, Confirmed, Subsequent encounter');
INSERT INTO DSM5(dsm5_id,icd9_code,icd10_code, description) VALUES (15,NULL,NULL,'Adult physical abuse by nonspouse or nonpartner, Suspected');
INSERT INTO DSM5(dsm5_id,icd9_code,icd10_code, description) VALUES (16,'995.81','T76.11XA','Adult physical abuse by nonspouse or nonpartner, Suspected, Initial encounter');
INSERT INTO DSM5(dsm5_id,icd9_code,icd10_code, description) VALUES (17,'995.81','T76.11XD','Adult physical abuse by nonspouse or nonpartner, Suspected, Subsequent encounter');
INSERT INTO DSM5(dsm5_id,icd9_code,icd10_code, description) VALUES (18,NULL,NULL,'Adult psychological abuse by nonspouse or nonpartner, Confirmed');
INSERT INTO DSM5(dsm5_id,icd9_code,icd10_code, description) VALUES (19,'995.82','T74.31XA','Adult psychological abuse by nonspouse or nonpartner, Confirmed, Initial encounter');
INSERT INTO DSM5(dsm5_id,icd9_code,icd10_code, description) VALUES (20,'995.82','T74.31XD','Adult psychological abuse by nonspouse or nonpartner, Confirmed, Subsequent encounter');
INSERT INTO DSM5(dsm5_id,icd9_code,icd10_code, description) VALUES (21,NULL,NULL,'Adult psychological abuse by nonspouse or nonpartner, Suspected');
INSERT INTO DSM5(dsm5_id,icd9_code,icd10_code, description) VALUES (22,'995.82','T76.31XA','Adult psychological abuse by nonspouse or nonpartner, Suspected, Initial encounter');
INSERT INTO DSM5(dsm5_id,icd9_code,icd10_code, description) VALUES (23,'995.82','T76.31XD','Adult psychological abuse by nonspouse or nonpartner, Suspected, Subsequent encounter');
INSERT INTO DSM5(dsm5_id,icd9_code,icd10_code, description) VALUES (24,NULL,NULL,'Adult sexual abuse by nonspouse or nonpartner, Confirmed');
INSERT INTO DSM5(dsm5_id,icd9_code,icd10_code, description) VALUES (25,'995.83','T74.21XA','Adult sexual abuse by nonspouse or nonpartner, Confirmed, Initial encounter');
INSERT INTO DSM5(dsm5_id,icd9_code,icd10_code, description) VALUES (26,'995.83','T74.21XD','Adult sexual abuse by nonspouse or nonpartner, Confirmed, Subsequent encounter');
INSERT INTO DSM5(dsm5_id,icd9_code,icd10_code, description) VALUES (27,NULL,NULL,'Adult sexual abuse by nonspouse or nonpartner, Suspected');
INSERT INTO DSM5(dsm5_id,icd9_code,icd10_code, description) VALUES (28,'995.83','T76.21XA','Adult sexual abuse by nonspouse or nonpartner, Suspected, Initial encounter');
INSERT INTO DSM5(dsm5_id,icd9_code,icd10_code, description) VALUES (29,'995.83','T76.21XD','Adult sexual abuse by nonspouse or nonpartner, Suspected, Subsequent encounter');
INSERT INTO DSM5(dsm5_id,icd9_code,icd10_code, description) VALUES (30,'307','F98.5','Adult-onset fluency disorder');
INSERT INTO DSM5(dsm5_id,icd9_code,icd10_code, description) VALUES (31,'300.22','F40.00','Agoraphobia');
INSERT INTO DSM5(dsm5_id,icd9_code,icd10_code, description) VALUES (32,'303',NULL,'Alcohol intoxication');
INSERT INTO DSM5(dsm5_id,icd9_code,icd10_code, description) VALUES (33,'291',NULL,'Alcohol intoxication delirium');
INSERT INTO DSM5(dsm5_id,icd9_code,icd10_code, description) VALUES (34,NULL,'F10.121','Alcohol intoxication delirium, With mild use disorder');
INSERT INTO DSM5(dsm5_id,icd9_code,icd10_code, description) VALUES (35,NULL,'F10.221','Alcohol intoxication delirium, With moderate or severe use disorder');
INSERT INTO DSM5(dsm5_id,icd9_code,icd10_code, description) VALUES (36,NULL,'F10.921','Alcohol intoxication delirium, Without use disorder');
INSERT INTO DSM5(dsm5_id,icd9_code,icd10_code, description) VALUES (37,NULL,'F10.129','Alcohol intoxication, With mild use disorder');
INSERT INTO DSM5(dsm5_id,icd9_code,icd10_code, description) VALUES (38,NULL,'F10.229','Alcohol intoxication, With moderate or severe use disorder');
INSERT INTO DSM5(dsm5_id,icd9_code,icd10_code, description) VALUES (39,NULL,'F10.929','Alcohol intoxication, Without use disorder');
INSERT INTO DSM5(dsm5_id,icd9_code,icd10_code, description) VALUES (40,NULL,NULL,'Alcohol use disorder');
INSERT INTO DSM5(dsm5_id,icd9_code,icd10_code, description) VALUES (41,'305','F10.10','Alcohol use disorder, Mild');
INSERT INTO DSM5(dsm5_id,icd9_code,icd10_code, description) VALUES (42,'303.9','F10.20','Alcohol use disorder, Moderate');
INSERT INTO DSM5(dsm5_id,icd9_code,icd10_code, description) VALUES (43,'303.9','F10.20','Alcohol use disorder, Severe');
INSERT INTO DSM5(dsm5_id,icd9_code,icd10_code, description) VALUES (44,'291.81',NULL,'Alcohol withdrawal');
INSERT INTO DSM5(dsm5_id,icd9_code,icd10_code, description) VALUES (45,'291','F10.231','Alcohol withdrawal delirium');
INSERT INTO DSM5(dsm5_id,icd9_code,icd10_code, description) VALUES (46,NULL,'F10.232','Alcohol withdrawal, With perceptual disturbances');
INSERT INTO DSM5(dsm5_id,icd9_code,icd10_code, description) VALUES (47,NULL,'F10.239','Alcohol withdrawal, Without perceptual disturbances');
INSERT INTO DSM5(dsm5_id,icd9_code,icd10_code, description) VALUES (48,'291.89',NULL,'Alcohol-induced anxiety disorder');
INSERT INTO DSM5(dsm5_id,icd9_code,icd10_code, description) VALUES (49,NULL,'F10.180','Alcohol-induced anxiety disorder, With mild use disorder');
INSERT INTO DSM5(dsm5_id,icd9_code,icd10_code, description) VALUES (50,NULL,'F10.280','Alcohol-induced anxiety disorder, With moderate or severe use disorder');
INSERT INTO DSM5(dsm5_id,icd9_code,icd10_code, description) VALUES (51,NULL,'F10.980','Alcohol-induced anxiety disorder, Without use disorder');
INSERT INTO DSM5(dsm5_id,icd9_code,icd10_code, description) VALUES (52,'291.89',NULL,'Alcohol-induced bipolar and related disorder');
INSERT INTO DSM5(dsm5_id,icd9_code,icd10_code, description) VALUES (53,NULL,'F10.14','Alcohol-induced bipolar and related disorder, With mild use disorder');
INSERT INTO DSM5(dsm5_id,icd9_code,icd10_code, description) VALUES (54,NULL,'F10.24','Alcohol-induced bipolar and related disorder, With moderate or severe use disorder');
INSERT INTO DSM5(dsm5_id,icd9_code,icd10_code, description) VALUES (55,NULL,'F10.94','Alcohol-induced bipolar and related disorder, Without use disorder');
INSERT INTO DSM5(dsm5_id,icd9_code,icd10_code, description) VALUES (56,'291.89',NULL,'Alcohol-induced depressive disorder');
INSERT INTO DSM5(dsm5_id,icd9_code,icd10_code, description) VALUES (57,NULL,'F10.14','Alcohol-induced depressive disorder, With mild use disorder');
INSERT INTO DSM5(dsm5_id,icd9_code,icd10_code, description) VALUES (58,NULL,'F10.24','Alcohol-induced depressive disorder, With moderate or severe use disorder');
INSERT INTO DSM5(dsm5_id,icd9_code,icd10_code, description) VALUES (59,NULL,'F10.94','Alcohol-induced depressive disorder, Without use disorder');
INSERT INTO DSM5(dsm5_id,icd9_code,icd10_code, description) VALUES (60,'291.1',NULL,'Alcohol-induced major neurocognitive disorder, Amnestic confabulatory type');
INSERT INTO DSM5(dsm5_id,icd9_code,icd10_code, description) VALUES (61,NULL,'F10.26','Alcohol-induced major neurocognitive disorder, Amnestic confabulatory type, With moderate or severe use disorder');
INSERT INTO DSM5(dsm5_id,icd9_code,icd10_code, description) VALUES (62,NULL,'F10.96','Alcohol-induced major neurocognitive disorder, Amnestic confabulatory type, Without use disorder');
INSERT INTO DSM5(dsm5_id,icd9_code,icd10_code, description) VALUES (63,'291.2',NULL,'Alcohol-induced major neurocognitive disorder, Nonamnestic confabulatory type');
INSERT INTO DSM5(dsm5_id,icd9_code,icd10_code, description) VALUES (64,NULL,'F10.27','Alcohol-induced major neurocognitive disorder, Nonamnestic confabulatory type, With moderate or severe use disorder');
INSERT INTO DSM5(dsm5_id,icd9_code,icd10_code, description) VALUES (65,NULL,'F10.97','Alcohol-induced major neurocognitive disorder, Nonamnestic confabulatory type, Without use disorder');
INSERT INTO DSM5(dsm5_id,icd9_code,icd10_code, description) VALUES (66,'291.89',NULL,'Alcohol-induced mild neurocognitive disorder');
INSERT INTO DSM5(dsm5_id,icd9_code,icd10_code, description) VALUES (67,NULL,'F10.288','Alcohol-induced mild neurocognitive disorder, With moderate or severe use disorder');
INSERT INTO DSM5(dsm5_id,icd9_code,icd10_code, description) VALUES (68,NULL,'F10.988','Alcohol-induced mild neurocognitive disorder, Without use disorder');
INSERT INTO DSM5(dsm5_id,icd9_code,icd10_code, description) VALUES (69,'291.9',NULL,'Alcohol-induced psychotic disorder');
INSERT INTO DSM5(dsm5_id,icd9_code,icd10_code, description) VALUES (70,NULL,'F10.159','Alcohol-induced psychotic disorder, With mild use disorder');
INSERT INTO DSM5(dsm5_id,icd9_code,icd10_code, description) VALUES (71,NULL,'F10.259','Alcohol-induced psychotic disorder, With moderate or severe use disorder');
INSERT INTO DSM5(dsm5_id,icd9_code,icd10_code, description) VALUES (72,NULL,'F10.959','Alcohol-induced psychotic disorder, Without use disorder');
INSERT INTO DSM5(dsm5_id,icd9_code,icd10_code, description) VALUES (73,'291.89',NULL,'Alcohol-induced sexual dysfunction');
INSERT INTO DSM5(dsm5_id,icd9_code,icd10_code, description) VALUES (74,NULL,'F10.181','Alcohol-induced sexual dysfunction, With mild use disorder');
INSERT INTO DSM5(dsm5_id,icd9_code,icd10_code, description) VALUES (75,NULL,'F10.281','Alcohol-induced sexual dysfunction, With moderate or severe use disorder');
INSERT INTO DSM5(dsm5_id,icd9_code,icd10_code, description) VALUES (76,NULL,'F10.981','Alcohol-induced sexual dysfunction, Without use disorder');
INSERT INTO DSM5(dsm5_id,icd9_code,icd10_code, description) VALUES (77,'291.82',NULL,'Alcohol-induced sleep disorder');
INSERT INTO DSM5(dsm5_id,icd9_code,icd10_code, description) VALUES (78,NULL,'F10.182','Alcohol-induced sleep disorder, With mild use disorder');
INSERT INTO DSM5(dsm5_id,icd9_code,icd10_code, description) VALUES (79,NULL,'F10.282','Alcohol-induced sleep disorder, With moderate or severe use disorder');
INSERT INTO DSM5(dsm5_id,icd9_code,icd10_code, description) VALUES (80,NULL,'F10.982','Alcohol-induced sleep disorder, Without use disorder');
INSERT INTO DSM5(dsm5_id,icd9_code,icd10_code, description) VALUES (81,'292.81',NULL,'Amphetamine (or other stimulant) intoxication delirium');
INSERT INTO DSM5(dsm5_id,icd9_code,icd10_code, description) VALUES (82,NULL,'F15.121','Amphetamine (or other stimulant) intoxication delirium, With mild use disorder');
INSERT INTO DSM5(dsm5_id,icd9_code,icd10_code, description) VALUES (83,NULL,'F15.221','Amphetamine (or other stimulant) intoxication delirium, With moderate or severe use disorder');
INSERT INTO DSM5(dsm5_id,icd9_code,icd10_code, description) VALUES (84,NULL,'F15.921','Amphetamine (or other stimulant) intoxication delirium, Without use disorder');
INSERT INTO DSM5(dsm5_id,icd9_code,icd10_code, description) VALUES (85,'292.89',NULL,'Amphetamine (or other stimulant)-induced anxiety disorder');
INSERT INTO DSM5(dsm5_id,icd9_code,icd10_code, description) VALUES (86,NULL,'F15.180','Amphetamine (or other stimulant)-induced anxiety disorder, With mild use disorder');
INSERT INTO DSM5(dsm5_id,icd9_code,icd10_code, description) VALUES (87,NULL,'F15.280','Amphetamine (or other stimulant)-induced anxiety disorder, With moderate or severe use disorder');
INSERT INTO DSM5(dsm5_id,icd9_code,icd10_code, description) VALUES (88,NULL,'F15.980','Amphetamine (or other stimulant)-induced anxiety disorder, Without use disorder');
INSERT INTO DSM5(dsm5_id,icd9_code,icd10_code, description) VALUES (89,'292.84',NULL,'Amphetamine (or other stimulant)-induced bipolar and related disorder');
INSERT INTO DSM5(dsm5_id,icd9_code,icd10_code, description) VALUES (90,NULL,'F15.14','Amphetamine (or other stimulant)-induced bipolar and related disorder, With mild use disorder');
INSERT INTO DSM5(dsm5_id,icd9_code,icd10_code, description) VALUES (91,NULL,'F15.24','Amphetamine (or other stimulant)-induced bipolar and related disorder, With moderate or severe use disorder');
INSERT INTO DSM5(dsm5_id,icd9_code,icd10_code, description) VALUES (92,NULL,'F15.94','Amphetamine (or other stimulant)-induced bipolar and related disorder, Without use disorder');
INSERT INTO DSM5(dsm5_id,icd9_code,icd10_code, description) VALUES (93,NULL,'F15.921','Amphetamine (or other stimulant)-induced delirium');
INSERT INTO DSM5(dsm5_id,icd9_code,icd10_code, description) VALUES (94,'292.84',NULL,'Amphetamine (or other stimulant)-induced depressive disorder');
INSERT INTO DSM5(dsm5_id,icd9_code,icd10_code, description) VALUES (95,NULL,'F15.14','Amphetamine (or other stimulant)-induced depressive disorder, With mild use disorder');
INSERT INTO DSM5(dsm5_id,icd9_code,icd10_code, description) VALUES (96,NULL,'F15.24','Amphetamine (or other stimulant)-induced depressive disorder, With moderate or severe use disorder');
INSERT INTO DSM5(dsm5_id,icd9_code,icd10_code, description) VALUES (97,NULL,'F15.94','Amphetamine (or other stimulant)-induced depressive disorder, Without use disorder');
INSERT INTO DSM5(dsm5_id,icd9_code,icd10_code, description) VALUES (98,'292.89',NULL,'Amphetamine (or other stimulant)-induced obsessive-compulsive and related disorder');
INSERT INTO DSM5(dsm5_id,icd9_code,icd10_code, description) VALUES (99,NULL,'F15.188','Amphetamine (or other stimulant)-induced obsessive-compulsive and related disorder, With mild use disorder');
INSERT INTO DSM5(dsm5_id,icd9_code,icd10_code, description) VALUES (100,NULL,'F15.288','Amphetamine (or other stimulant)-induced obsessive-compulsive and related disorder, With moderate or severe use disorder');
INSERT INTO DSM5(dsm5_id,icd9_code,icd10_code, description) VALUES (101,NULL,'F15.988','Amphetamine (or other stimulant)-induced obsessive-compulsive and related disorder, Without use disorder');
INSERT INTO DSM5(dsm5_id,icd9_code,icd10_code, description) VALUES (102,'292.9',NULL,'Amphetamine (or other stimulant)-induced psychotic disorder');
INSERT INTO DSM5(dsm5_id,icd9_code,icd10_code, description) VALUES (103,NULL,'F15.159','Amphetamine (or other stimulant)-induced psychotic disorder, With mild use disorder');
INSERT INTO DSM5(dsm5_id,icd9_code,icd10_code, description) VALUES (104,NULL,'F15.259','Amphetamine (or other stimulant)-induced psychotic disorder, With moderate or severe use disorder');
INSERT INTO DSM5(dsm5_id,icd9_code,icd10_code, description) VALUES (105,NULL,'F15.959','Amphetamine (or other stimulant)-induced psychotic disorder, Without use disorder');
INSERT INTO DSM5(dsm5_id,icd9_code,icd10_code, description) VALUES (106,'292.89',NULL,'Amphetamine (or other stimulant)-induced sexual dysfunction');
INSERT INTO DSM5(dsm5_id,icd9_code,icd10_code, description) VALUES (107,NULL,'F15.181','Amphetamine (or other stimulant)-induced sexual dysfunction, With mild use disorder');
INSERT INTO DSM5(dsm5_id,icd9_code,icd10_code, description) VALUES (108,NULL,'F15.281','Amphetamine (or other stimulant)-induced sexual dysfunction, With moderate or severe use disorder');
INSERT INTO DSM5(dsm5_id,icd9_code,icd10_code, description) VALUES (109,NULL,'F15.981','Amphetamine (or other stimulant)-induced sexual dysfunction, Without use disorder');
INSERT INTO DSM5(dsm5_id,icd9_code,icd10_code, description) VALUES (110,'292.85',NULL,'Amphetamine (or other stimulant)-induced sleep disorder');
INSERT INTO DSM5(dsm5_id,icd9_code,icd10_code, description) VALUES (111,NULL,'F15.182','Amphetamine (or other stimulant)-induced sleep disorder, With mild use disorder');
INSERT INTO DSM5(dsm5_id,icd9_code,icd10_code, description) VALUES (112,NULL,'F15.282','Amphetamine (or other stimulant)-induced sleep disorder, With moderate or severe use disorder');
INSERT INTO DSM5(dsm5_id,icd9_code,icd10_code, description) VALUES (113,NULL,'F15.982','Amphetamine (or other stimulant)-induced sleep disorder, Without use disorder');
INSERT INTO DSM5(dsm5_id,icd9_code,icd10_code, description) VALUES (114,'292.89',NULL,'Amphetamine or other stimulant intoxication');
INSERT INTO DSM5(dsm5_id,icd9_code,icd10_code, description) VALUES (115,NULL,NULL,'Amphetamine or other stimulant intoxication, With perceptual disturbances');
INSERT INTO DSM5(dsm5_id,icd9_code,icd10_code, description) VALUES (116,NULL,'F15.122','Amphetamine or other stimulant intoxication, With perceptual disturbances, With mild use disorder');
INSERT INTO DSM5(dsm5_id,icd9_code,icd10_code, description) VALUES (117,NULL,'F15.222','Amphetamine or other stimulant intoxication, With perceptual disturbances, With moderate or severe use disorder');
INSERT INTO DSM5(dsm5_id,icd9_code,icd10_code, description) VALUES (118,NULL,'F15.922','Amphetamine or other stimulant intoxication, With perceptual disturbances, Without use disorder');
INSERT INTO DSM5(dsm5_id,icd9_code,icd10_code, description) VALUES (119,NULL,NULL,'Amphetamine or other stimulant intoxication, Without perceptual disturbances');
INSERT INTO DSM5(dsm5_id,icd9_code,icd10_code, description) VALUES (120,NULL,'F15.129','Amphetamine or other stimulant intoxication, Without perceptual disturbances, With mild use disorder');
INSERT INTO DSM5(dsm5_id,icd9_code,icd10_code, description) VALUES (121,NULL,'F15.229','Amphetamine or other stimulant intoxication, Without perceptual disturbances, With moderate or severe use disorder');
INSERT INTO DSM5(dsm5_id,icd9_code,icd10_code, description) VALUES (122,NULL,'F15.929','Amphetamine or other stimulant intoxication, Without perceptual disturbances, Without use disorder');
INSERT INTO DSM5(dsm5_id,icd9_code,icd10_code, description) VALUES (123,'292','F15.23','Amphetamine or other stimulant withdrawal');
INSERT INTO DSM5(dsm5_id,icd9_code,icd10_code, description) VALUES (124,NULL,NULL,'Amphetamine-type substance use disorder');
INSERT INTO DSM5(dsm5_id,icd9_code,icd10_code, description) VALUES (125,'305.7','F15.10','Amphetamine-type substance use disorder, Mild');
INSERT INTO DSM5(dsm5_id,icd9_code,icd10_code, description) VALUES (126,'304.4','F15.20','Amphetamine-type substance use disorder, Moderate');
INSERT INTO DSM5(dsm5_id,icd9_code,icd10_code, description) VALUES (127,'304.4','F15.20','Amphetamine-type substance use disorder, Severe');
INSERT INTO DSM5(dsm5_id,icd9_code,icd10_code, description) VALUES (128,'307.1',NULL,'Anorexia nervosa');
INSERT INTO DSM5(dsm5_id,icd9_code,icd10_code, description) VALUES (129,NULL,'F50.02','Anorexia nervosa, Binge-eating/purging type');
INSERT INTO DSM5(dsm5_id,icd9_code,icd10_code, description) VALUES (130,NULL,'F50.01','Anorexia nervosa, Restricting type');
INSERT INTO DSM5(dsm5_id,icd9_code,icd10_code, description) VALUES (131,NULL,NULL,'Antidepressant discontinuation syndrome');
INSERT INTO DSM5(dsm5_id,icd9_code,icd10_code, description) VALUES (132,'995.29','T43.205A','Antidepressant discontinuation syndrome, Initial encounter');
INSERT INTO DSM5(dsm5_id,icd9_code,icd10_code, description) VALUES (133,'995.29','T43.205S','Antidepressant discontinuation syndrome, Sequelae');
INSERT INTO DSM5(dsm5_id,icd9_code,icd10_code, description) VALUES (134,'995.29','T43.205D','Antidepressant discontinuation syndrome, Subsequent encounter');
INSERT INTO DSM5(dsm5_id,icd9_code,icd10_code, description) VALUES (135,'301.7','F60.2','Antisocial personality disorder');
INSERT INTO DSM5(dsm5_id,icd9_code,icd10_code, description) VALUES (136,'293.84','F06.4','Anxiety disorder due to another medical condition');
INSERT INTO DSM5(dsm5_id,icd9_code,icd10_code, description) VALUES (137,NULL,NULL,'Attention-deficit/hyperactivity disorder');
INSERT INTO DSM5(dsm5_id,icd9_code,icd10_code, description) VALUES (138,'314.01','F90.2','Attention-deficit/hyperactivity disorder, Combined presentation');
INSERT INTO DSM5(dsm5_id,icd9_code,icd10_code, description) VALUES (139,'314.01','F90.1','Attention-deficit/hyperactivity disorder, Predominantly hyperactive/impulsive presentation');
INSERT INTO DSM5(dsm5_id,icd9_code,icd10_code, description) VALUES (140,'314','F90.0','Attention-deficit/hyperactivity disorder, Predominantly inattentive presentation');
INSERT INTO DSM5(dsm5_id,icd9_code,icd10_code, description) VALUES (141,'299','F84.0','Autism spectrum disorder');
INSERT INTO DSM5(dsm5_id,icd9_code,icd10_code, description) VALUES (142,'347','G47.419','Autosomal dominant cerebellar ataxia, deafness, and narcolepsy');
INSERT INTO DSM5(dsm5_id,icd9_code,icd10_code, description) VALUES (143,'347','G47.419','Autosomal dominant narcolepsy, obesity, and type 2 diabetes');
INSERT INTO DSM5(dsm5_id,icd9_code,icd10_code, description) VALUES (144,'301.82','F60.6','Avoidant personality disorder');
INSERT INTO DSM5(dsm5_id,icd9_code,icd10_code, description) VALUES (145,'307.59','F50.8','Avoidant/restrictive food intake disorder');
INSERT INTO DSM5(dsm5_id,icd9_code,icd10_code, description) VALUES (146,'307.51','F50.8','Binge-eating disorder');
INSERT INTO DSM5(dsm5_id,icd9_code,icd10_code, description) VALUES (147,'293.83',NULL,'Bipolar and related disorder due to another medical condition');
INSERT INTO DSM5(dsm5_id,icd9_code,icd10_code, description) VALUES (148,NULL,'F06.33','Bipolar and related disorder due to another medical condition, With manic features');
INSERT INTO DSM5(dsm5_id,icd9_code,icd10_code, description) VALUES (149,NULL,'F06.33','Bipolar and related disorder due to another medical condition, With manic- or hypomanic-like episodes');
INSERT INTO DSM5(dsm5_id,icd9_code,icd10_code, description) VALUES (150,NULL,'F06.34','Bipolar and related disorder due to another medical condition, With mixed features');
INSERT INTO DSM5(dsm5_id,icd9_code,icd10_code, description) VALUES (151,NULL,NULL,'Bipolar I disorder, Current or most recent episode depressed');
INSERT INTO DSM5(dsm5_id,icd9_code,icd10_code, description) VALUES (152,'296.56','F31.76','Bipolar I disorder, Current or most recent episode depressed, In full remission');
INSERT INTO DSM5(dsm5_id,icd9_code,icd10_code, description) VALUES (153,'296.55','F31.75','Bipolar I disorder, Current or most recent episode depressed, In partial remission');
INSERT INTO DSM5(dsm5_id,icd9_code,icd10_code, description) VALUES (154,'296.51','F31.31','Bipolar I disorder, Current or most recent episode depressed, Mild');
INSERT INTO DSM5(dsm5_id,icd9_code,icd10_code, description) VALUES (155,'296.52','F31.32','Bipolar I disorder, Current or most recent episode depressed, Moderate');
INSERT INTO DSM5(dsm5_id,icd9_code,icd10_code, description) VALUES (156,'296.53','F31.4','Bipolar I disorder, Current or most recent episode depressed, Severe');
INSERT INTO DSM5(dsm5_id,icd9_code,icd10_code, description) VALUES (157,'296.5','F31.9','Bipolar I disorder, Current or most recent episode depressed, Unspecified');
INSERT INTO DSM5(dsm5_id,icd9_code,icd10_code, description) VALUES (158,'296.54','F31.5','Bipolar I disorder, Current or most recent episode depressed, With psychotic features');
INSERT INTO DSM5(dsm5_id,icd9_code,icd10_code, description) VALUES (159,'296.4','F31.0','Bipolar I disorder, Current or most recent episode hypomanic');
INSERT INTO DSM5(dsm5_id,icd9_code,icd10_code, description) VALUES (160,'296.46','F31.74','Bipolar I disorder, Current or most recent episode hypomanic, In full remission');
INSERT INTO DSM5(dsm5_id,icd9_code,icd10_code, description) VALUES (161,'296.45','F31.73','Bipolar I disorder, Current or most recent episode hypomanic, In partial remission');
INSERT INTO DSM5(dsm5_id,icd9_code,icd10_code, description) VALUES (162,'296.4','F31.9','Bipolar I disorder, Current or most recent episode hypomanic, Unspecified');
INSERT INTO DSM5(dsm5_id,icd9_code,icd10_code, description) VALUES (163,NULL,NULL,'Bipolar I disorder, Current or most recent episode manic');
INSERT INTO DSM5(dsm5_id,icd9_code,icd10_code, description) VALUES (164,'296.46','F31.74','Bipolar I disorder, Current or most recent episode manic, In full remission');
INSERT INTO DSM5(dsm5_id,icd9_code,icd10_code, description) VALUES (165,'296.45','F31.73','Bipolar I disorder, Current or most recent episode manic, In partial remission');
INSERT INTO DSM5(dsm5_id,icd9_code,icd10_code, description) VALUES (166,'296.41','F31.11','Bipolar I disorder, Current or most recent episode manic, Mild');
INSERT INTO DSM5(dsm5_id,icd9_code,icd10_code, description) VALUES (167,'296.42','F31.12','Bipolar I disorder, Current or most recent episode manic, Moderate');
INSERT INTO DSM5(dsm5_id,icd9_code,icd10_code, description) VALUES (168,'296.43','F31.13','Bipolar I disorder, Current or most recent episode manic, Severe');
INSERT INTO DSM5(dsm5_id,icd9_code,icd10_code, description) VALUES (169,'296.4','F31.9','Bipolar I disorder, Current or most recent episode manic, Unspecified');
INSERT INTO DSM5(dsm5_id,icd9_code,icd10_code, description) VALUES (170,'296.44','F31.2','Bipolar I disorder, Current or most recent episode manic, With psychotic features');
INSERT INTO DSM5(dsm5_id,icd9_code,icd10_code, description) VALUES (171,'296.7','F31.9','Bipolar I disorder, Current or most recent episode unspecified');
INSERT INTO DSM5(dsm5_id,icd9_code,icd10_code, description) VALUES (172,'296.89','F31.81','Bipolar II disorder');
INSERT INTO DSM5(dsm5_id,icd9_code,icd10_code, description) VALUES (173,'300.7','F45.22','Body dysmorphic disorder');
INSERT INTO DSM5(dsm5_id,icd9_code,icd10_code, description) VALUES (174,'V62.89','R41.83','Borderline intellectual functioning');
INSERT INTO DSM5(dsm5_id,icd9_code,icd10_code, description) VALUES (175,'301.83','F60.3','Borderline personality disorder');
INSERT INTO DSM5(dsm5_id,icd9_code,icd10_code, description) VALUES (176,'298.8','F23','Brief psychotic disorder');
INSERT INTO DSM5(dsm5_id,icd9_code,icd10_code, description) VALUES (177,'307.51','F50.2','Bulimia nervosa');
INSERT INTO DSM5(dsm5_id,icd9_code,icd10_code, description) VALUES (178,'305.9','F15.929','Caffeine intoxication');
INSERT INTO DSM5(dsm5_id,icd9_code,icd10_code, description) VALUES (179,'292','F15.93','Caffeine withdrawal');
INSERT INTO DSM5(dsm5_id,icd9_code,icd10_code, description) VALUES (180,'292.89',NULL,'Caffeine-induced anxiety disorder');
INSERT INTO DSM5(dsm5_id,icd9_code,icd10_code, description) VALUES (181,NULL,'F15.180','Caffeine-induced anxiety disorder, With mild use disorder');
INSERT INTO DSM5(dsm5_id,icd9_code,icd10_code, description) VALUES (182,NULL,'F15.280','Caffeine-induced anxiety disorder, With moderate or severe use disorder');
INSERT INTO DSM5(dsm5_id,icd9_code,icd10_code, description) VALUES (183,NULL,'F15.980','Caffeine-induced anxiety disorder, Without use disorder');
INSERT INTO DSM5(dsm5_id,icd9_code,icd10_code, description) VALUES (184,'292.85',NULL,'Caffeine-induced sleep disorder');
INSERT INTO DSM5(dsm5_id,icd9_code,icd10_code, description) VALUES (185,NULL,'F15.182','Caffeine-induced sleep disorder, With mild use disorder');
INSERT INTO DSM5(dsm5_id,icd9_code,icd10_code, description) VALUES (186,NULL,'F15.282','Caffeine-induced sleep disorder, With moderate or severe use disorder');
INSERT INTO DSM5(dsm5_id,icd9_code,icd10_code, description) VALUES (187,NULL,'F15.982','Caffeine-induced sleep disorder, Without use disorder');
INSERT INTO DSM5(dsm5_id,icd9_code,icd10_code, description) VALUES (188,'292.89',NULL,'Cannabis intoxication');
INSERT INTO DSM5(dsm5_id,icd9_code,icd10_code, description) VALUES (189,'292.81',NULL,'Cannabis intoxication delirium');
INSERT INTO DSM5(dsm5_id,icd9_code,icd10_code, description) VALUES (190,NULL,'F12.121','Cannabis intoxication delirium, With mild use disorder');
INSERT INTO DSM5(dsm5_id,icd9_code,icd10_code, description) VALUES (191,NULL,'F12.221','Cannabis intoxication delirium, With moderate or severe use disorder');
INSERT INTO DSM5(dsm5_id,icd9_code,icd10_code, description) VALUES (192,NULL,'F12.921','Cannabis intoxication delirium, Without use disorder');
INSERT INTO DSM5(dsm5_id,icd9_code,icd10_code, description) VALUES (193,NULL,NULL,'Cannabis intoxication, With perceptual disturbances');
INSERT INTO DSM5(dsm5_id,icd9_code,icd10_code, description) VALUES (194,NULL,'F12.122','Cannabis intoxication, With perceptual disturbances, With mild use disorder');
INSERT INTO DSM5(dsm5_id,icd9_code,icd10_code, description) VALUES (195,NULL,'F12.222','Cannabis intoxication, With perceptual disturbances, With moderate or severe use disorder');
INSERT INTO DSM5(dsm5_id,icd9_code,icd10_code, description) VALUES (196,NULL,'F12.922','Cannabis intoxication, With perceptual disturbances, Without use disorder');
INSERT INTO DSM5(dsm5_id,icd9_code,icd10_code, description) VALUES (197,NULL,NULL,'Cannabis intoxication, Without perceptual disturbances');
INSERT INTO DSM5(dsm5_id,icd9_code,icd10_code, description) VALUES (198,NULL,'F12.129','Cannabis intoxication, Without perceptual disturbances, With mild use disorder');
INSERT INTO DSM5(dsm5_id,icd9_code,icd10_code, description) VALUES (199,NULL,'F12.229','Cannabis intoxication, Without perceptual disturbances, With moderate or severe use disorder');
INSERT INTO DSM5(dsm5_id,icd9_code,icd10_code, description) VALUES (200,NULL,'F12.929','Cannabis intoxication, Without perceptual disturbances, Without use disorder');
INSERT INTO DSM5(dsm5_id,icd9_code,icd10_code, description) VALUES (201,NULL,NULL,'Cannabis use disorder');
INSERT INTO DSM5(dsm5_id,icd9_code,icd10_code, description) VALUES (202,'305.2','F12.10','Cannabis use disorder, Mild');
INSERT INTO DSM5(dsm5_id,icd9_code,icd10_code, description) VALUES (203,'304.3','F12.20','Cannabis use disorder, Moderate');
INSERT INTO DSM5(dsm5_id,icd9_code,icd10_code, description) VALUES (204,'304.3','F12.20','Cannabis use disorder, Severe');
INSERT INTO DSM5(dsm5_id,icd9_code,icd10_code, description) VALUES (205,'292','F12.288','Cannabis withdrawal');
INSERT INTO DSM5(dsm5_id,icd9_code,icd10_code, description) VALUES (206,'292.89',NULL,'Cannabis-induced anxiety disorder');
INSERT INTO DSM5(dsm5_id,icd9_code,icd10_code, description) VALUES (207,NULL,'F12.180','Cannabis-induced anxiety disorder, With mild use disorder');
INSERT INTO DSM5(dsm5_id,icd9_code,icd10_code, description) VALUES (208,NULL,'F12.280','Cannabis-induced anxiety disorder, With moderate or severe use disorder');
INSERT INTO DSM5(dsm5_id,icd9_code,icd10_code, description) VALUES (209,NULL,'F12.980','Cannabis-induced anxiety disorder, Without use disorder');
INSERT INTO DSM5(dsm5_id,icd9_code,icd10_code, description) VALUES (210,'292.9',NULL,'Cannabis-induced psychotic disorder');
INSERT INTO DSM5(dsm5_id,icd9_code,icd10_code, description) VALUES (211,NULL,'F12.159','Cannabis-induced psychotic disorder, With mild use disorder');
INSERT INTO DSM5(dsm5_id,icd9_code,icd10_code, description) VALUES (212,NULL,'F12.259','Cannabis-induced psychotic disorder, With moderate or severe use disorder');
INSERT INTO DSM5(dsm5_id,icd9_code,icd10_code, description) VALUES (213,NULL,'F12.959','Cannabis-induced psychotic disorder, Without use disorder');
INSERT INTO DSM5(dsm5_id,icd9_code,icd10_code, description) VALUES (214,'292.85',NULL,'Cannabis-induced sleep disorder');
INSERT INTO DSM5(dsm5_id,icd9_code,icd10_code, description) VALUES (215,NULL,'F12.188','Cannabis-induced sleep disorder, With mild use disorder');
INSERT INTO DSM5(dsm5_id,icd9_code,icd10_code, description) VALUES (216,NULL,'F12.288','Cannabis-induced sleep disorder, With moderate or severe use disorder');
INSERT INTO DSM5(dsm5_id,icd9_code,icd10_code, description) VALUES (217,NULL,'F12.988','Cannabis-induced sleep disorder, Without use disorder');
INSERT INTO DSM5(dsm5_id,icd9_code,icd10_code, description) VALUES (218,'293.89','F06.1','Catatonia associated with another mental disorder (catatonia specifier)');
INSERT INTO DSM5(dsm5_id,icd9_code,icd10_code, description) VALUES (219,'293.89','F06.1','Catatonic disorder due to another medical condition');
INSERT INTO DSM5(dsm5_id,icd9_code,icd10_code, description) VALUES (220,NULL,NULL,'Central sleep apnea');
INSERT INTO DSM5(dsm5_id,icd9_code,icd10_code, description) VALUES (221,'780.57','G47.37','Central sleep apnea comorbid with opioid use');
INSERT INTO DSM5(dsm5_id,icd9_code,icd10_code, description) VALUES (222,'786.04','R06.3','Cheyne-Stokes breathing');
INSERT INTO DSM5(dsm5_id,icd9_code,icd10_code, description) VALUES (223,'V61.29','Z62.898','Child affected by parental relationship distress');
INSERT INTO DSM5(dsm5_id,icd9_code,icd10_code, description) VALUES (224,NULL,NULL,'Child neglect, Confirmed');
INSERT INTO DSM5(dsm5_id,icd9_code,icd10_code, description) VALUES (225,'995.52','T74.02XA','Child neglect, Confirmed, Initial encounter');
INSERT INTO DSM5(dsm5_id,icd9_code,icd10_code, description) VALUES (226,'995.52','T74.02XD','Child neglect, Confirmed, Subsequent encounter');
INSERT INTO DSM5(dsm5_id,icd9_code,icd10_code, description) VALUES (227,NULL,NULL,'Child neglect, Suspected');
INSERT INTO DSM5(dsm5_id,icd9_code,icd10_code, description) VALUES (228,'995.52','T76.02XA','Child neglect, Suspected, Initial encounter');
INSERT INTO DSM5(dsm5_id,icd9_code,icd10_code, description) VALUES (229,'995.52','T76.02XD','Child neglect, Suspected, Subsequent encounter');
INSERT INTO DSM5(dsm5_id,icd9_code,icd10_code, description) VALUES (230,'V71.02','Z72.810','Child or adolescent antisocial behavior');
INSERT INTO DSM5(dsm5_id,icd9_code,icd10_code, description) VALUES (231,NULL,NULL,'Child physical abuse, Confirmed');
INSERT INTO DSM5(dsm5_id,icd9_code,icd10_code, description) VALUES (232,'995.54','T74.12XA','Child physical abuse, Confirmed, Initial encounter');
INSERT INTO DSM5(dsm5_id,icd9_code,icd10_code, description) VALUES (233,'995.54','T74.12XD','Child physical abuse, Confirmed, Subsequent encounter');
INSERT INTO DSM5(dsm5_id,icd9_code,icd10_code, description) VALUES (234,NULL,NULL,'Child physical abuse, Suspected');
INSERT INTO DSM5(dsm5_id,icd9_code,icd10_code, description) VALUES (235,'995.54','T76.12XA','Child physical abuse, Suspected, Initial encounter');
INSERT INTO DSM5(dsm5_id,icd9_code,icd10_code, description) VALUES (236,'995.54','T76.12XD','Child physical abuse, Suspected, Subsequent encounter');
INSERT INTO DSM5(dsm5_id,icd9_code,icd10_code, description) VALUES (237,NULL,NULL,'Child psychological abuse, Confirmed');
INSERT INTO DSM5(dsm5_id,icd9_code,icd10_code, description) VALUES (238,'995.51','T74.32XA','Child psychological abuse, Confirmed, Initial encounter');
INSERT INTO DSM5(dsm5_id,icd9_code,icd10_code, description) VALUES (239,'995.51','T74.32XD','Child psychological abuse, Confirmed, Subsequent encounter');
INSERT INTO DSM5(dsm5_id,icd9_code,icd10_code, description) VALUES (240,NULL,NULL,'Child psychological abuse, Suspected');
INSERT INTO DSM5(dsm5_id,icd9_code,icd10_code, description) VALUES (241,'995.51','T76.32XA','Child psychological abuse, Suspected, Initial encounter');
INSERT INTO DSM5(dsm5_id,icd9_code,icd10_code, description) VALUES (242,'995.51','T76.32XD','Child psychological abuse, Suspected, Subsequent encounter');
INSERT INTO DSM5(dsm5_id,icd9_code,icd10_code, description) VALUES (243,NULL,NULL,'Child sexual abuse, Confirmed');
INSERT INTO DSM5(dsm5_id,icd9_code,icd10_code, description) VALUES (244,'995.53','T74.22XA','Child sexual abuse, Confirmed, Initial encounter');
INSERT INTO DSM5(dsm5_id,icd9_code,icd10_code, description) VALUES (245,'995.53','T74.22XD','Child sexual abuse, Confirmed, Subsequent encounter');
INSERT INTO DSM5(dsm5_id,icd9_code,icd10_code, description) VALUES (246,NULL,NULL,'Child sexual abuse, Suspected');
INSERT INTO DSM5(dsm5_id,icd9_code,icd10_code, description) VALUES (247,'995.53','T76.22XA','Child sexual abuse, Suspected, Initial encounter');
INSERT INTO DSM5(dsm5_id,icd9_code,icd10_code, description) VALUES (248,'995.53','T76.22XD','Child sexual abuse, Suspected, Subsequent encounter');
INSERT INTO DSM5(dsm5_id,icd9_code,icd10_code, description) VALUES (249,'315.35','F80.81','Childhood-onset fluency disorder (stuttering)');
INSERT INTO DSM5(dsm5_id,icd9_code,icd10_code, description) VALUES (250,NULL,NULL,'Circadian rhythm sleep-wake disorders');
INSERT INTO DSM5(dsm5_id,icd9_code,icd10_code, description) VALUES (251,'307.45','G47.22','Circadian rhythm sleep-wake disorders, Advanced sleep phase type');
INSERT INTO DSM5(dsm5_id,icd9_code,icd10_code, description) VALUES (252,'307.45','G47.21','Circadian rhythm sleep-wake disorders, Delayed sleep phase type');
INSERT INTO DSM5(dsm5_id,icd9_code,icd10_code, description) VALUES (253,'307.45','G47.23','Circadian rhythm sleep-wake disorders, Irregular sleep-wake type');
INSERT INTO DSM5(dsm5_id,icd9_code,icd10_code, description) VALUES (254,'307.45','G47.24','Circadian rhythm sleep-wake disorders, Non-24-hour sleep-wake type');
INSERT INTO DSM5(dsm5_id,icd9_code,icd10_code, description) VALUES (255,'307.45','G47.26','Circadian rhythm sleep-wake disorders, Shift work type');
INSERT INTO DSM5(dsm5_id,icd9_code,icd10_code, description) VALUES (256,'307.45','G47.20','Circadian rhythm sleep-wake disorders, Unspecified type');
INSERT INTO DSM5(dsm5_id,icd9_code,icd10_code, description) VALUES (257,'292.89',NULL,'Cocaine intoxication');
INSERT INTO DSM5(dsm5_id,icd9_code,icd10_code, description) VALUES (258,'292.81',NULL,'Cocaine intoxication delirium');
INSERT INTO DSM5(dsm5_id,icd9_code,icd10_code, description) VALUES (259,NULL,'F14.121','Cocaine intoxication delirium, With mild use disorder');
INSERT INTO DSM5(dsm5_id,icd9_code,icd10_code, description) VALUES (260,NULL,'F14.221','Cocaine intoxication delirium, With moderate or severe use disorder');
INSERT INTO DSM5(dsm5_id,icd9_code,icd10_code, description) VALUES (261,NULL,'F14.921','Cocaine intoxication delirium, Without use disorder');
INSERT INTO DSM5(dsm5_id,icd9_code,icd10_code, description) VALUES (262,NULL,NULL,'Cocaine intoxication, With perceptual disturbances');
INSERT INTO DSM5(dsm5_id,icd9_code,icd10_code, description) VALUES (263,NULL,'F14.122','Cocaine intoxication, With perceptual disturbances, With mild use disorder');
INSERT INTO DSM5(dsm5_id,icd9_code,icd10_code, description) VALUES (264,NULL,'F14.222','Cocaine intoxication, With perceptual disturbances, With moderate or severe use disorder');
INSERT INTO DSM5(dsm5_id,icd9_code,icd10_code, description) VALUES (265,NULL,'F14.922','Cocaine intoxication, With perceptual disturbances, Without use disorder');
INSERT INTO DSM5(dsm5_id,icd9_code,icd10_code, description) VALUES (266,NULL,NULL,'Cocaine intoxication, Without perceptual disturbances');
INSERT INTO DSM5(dsm5_id,icd9_code,icd10_code, description) VALUES (267,NULL,'F14.129','Cocaine intoxication, Without perceptual disturbances, With mild use disorder');
INSERT INTO DSM5(dsm5_id,icd9_code,icd10_code, description) VALUES (268,NULL,'F14.229','Cocaine intoxication, Without perceptual disturbances, With moderate or severe use disorder');
INSERT INTO DSM5(dsm5_id,icd9_code,icd10_code, description) VALUES (269,NULL,'F14.929','Cocaine intoxication, Without perceptual disturbances, Without use disorder');
INSERT INTO DSM5(dsm5_id,icd9_code,icd10_code, description) VALUES (270,NULL,NULL,'Cocaine use disorder');
INSERT INTO DSM5(dsm5_id,icd9_code,icd10_code, description) VALUES (271,'305.6','F14.10','Cocaine use disorder, Mild');
INSERT INTO DSM5(dsm5_id,icd9_code,icd10_code, description) VALUES (272,'304.2','F14.20','Cocaine use disorder, Moderate');
INSERT INTO DSM5(dsm5_id,icd9_code,icd10_code, description) VALUES (273,'304.2','F14.20','Cocaine use disorder, Severe');
INSERT INTO DSM5(dsm5_id,icd9_code,icd10_code, description) VALUES (274,'292','F14.23','Cocaine withdrawal');
INSERT INTO DSM5(dsm5_id,icd9_code,icd10_code, description) VALUES (275,'292.89',NULL,'Cocaine-induced anxiety disorder');
INSERT INTO DSM5(dsm5_id,icd9_code,icd10_code, description) VALUES (276,NULL,'F14.180','Cocaine-induced anxiety disorder, With mild use disorder');
INSERT INTO DSM5(dsm5_id,icd9_code,icd10_code, description) VALUES (277,NULL,'F14.280','Cocaine-induced anxiety disorder, With moderate or severe use disorder');
INSERT INTO DSM5(dsm5_id,icd9_code,icd10_code, description) VALUES (278,NULL,'F14.980','Cocaine-induced anxiety disorder, Without use disorder');
INSERT INTO DSM5(dsm5_id,icd9_code,icd10_code, description) VALUES (279,'292.84',NULL,'Cocaine-induced bipolar and related disorder');
INSERT INTO DSM5(dsm5_id,icd9_code,icd10_code, description) VALUES (280,NULL,'F14.14','Cocaine-induced bipolar and related disorder, With mild use disorder');
INSERT INTO DSM5(dsm5_id,icd9_code,icd10_code, description) VALUES (281,NULL,'F14.24','Cocaine-induced bipolar and related disorder, With moderate or severe use disorder');
INSERT INTO DSM5(dsm5_id,icd9_code,icd10_code, description) VALUES (282,NULL,'F14.94','Cocaine-induced bipolar and related disorder, Without use disorder');
INSERT INTO DSM5(dsm5_id,icd9_code,icd10_code, description) VALUES (283,'292.84',NULL,'Cocaine-induced depressive disorder');
INSERT INTO DSM5(dsm5_id,icd9_code,icd10_code, description) VALUES (284,NULL,'F14.14','Cocaine-induced depressive disorder, With mild use disorder');
INSERT INTO DSM5(dsm5_id,icd9_code,icd10_code, description) VALUES (285,NULL,'F14.24','Cocaine-induced depressive disorder, With moderate or severe use disorder');
INSERT INTO DSM5(dsm5_id,icd9_code,icd10_code, description) VALUES (286,NULL,'F14.94','Cocaine-induced depressive disorder, Without use disorder');
INSERT INTO DSM5(dsm5_id,icd9_code,icd10_code, description) VALUES (287,'292.89',NULL,'Cocaine-induced obsessive-compulsive and related disorder');
INSERT INTO DSM5(dsm5_id,icd9_code,icd10_code, description) VALUES (288,NULL,'F14.188','Cocaine-induced obsessive-compulsive and related disorder, With mild use disorder');
INSERT INTO DSM5(dsm5_id,icd9_code,icd10_code, description) VALUES (289,NULL,'F14.288','Cocaine-induced obsessive-compulsive and related disorder, With moderate or severe use disorder');
INSERT INTO DSM5(dsm5_id,icd9_code,icd10_code, description) VALUES (290,NULL,'F14.988','Cocaine-induced obsessive-compulsive and related disorder, Without use disorder');
INSERT INTO DSM5(dsm5_id,icd9_code,icd10_code, description) VALUES (291,'292.9',NULL,'Cocaine-induced psychotic disorder');
INSERT INTO DSM5(dsm5_id,icd9_code,icd10_code, description) VALUES (292,NULL,'F14.159','Cocaine-induced psychotic disorder, With mild use disorder');
INSERT INTO DSM5(dsm5_id,icd9_code,icd10_code, description) VALUES (293,NULL,'F14.259','Cocaine-induced psychotic disorder, With moderate or severe use disorder');
INSERT INTO DSM5(dsm5_id,icd9_code,icd10_code, description) VALUES (294,NULL,'F14.959','Cocaine-induced psychotic disorder, Without use disorder');
INSERT INTO DSM5(dsm5_id,icd9_code,icd10_code, description) VALUES (295,'292.89',NULL,'Cocaine-induced sexual dysfunction');
INSERT INTO DSM5(dsm5_id,icd9_code,icd10_code, description) VALUES (296,NULL,'F14.181','Cocaine-induced sexual dysfunction, With mild use disorder');
INSERT INTO DSM5(dsm5_id,icd9_code,icd10_code, description) VALUES (297,NULL,'F14.281','Cocaine-induced sexual dysfunction, With moderate or severe use disorder');
INSERT INTO DSM5(dsm5_id,icd9_code,icd10_code, description) VALUES (298,NULL,'F14.981','Cocaine-induced sexual dysfunction, Without use disorder');
INSERT INTO DSM5(dsm5_id,icd9_code,icd10_code, description) VALUES (299,'292.85',NULL,'Cocaine-induced sleep disorder');
INSERT INTO DSM5(dsm5_id,icd9_code,icd10_code, description) VALUES (300,NULL,'F14.182','Cocaine-induced sleep disorder, With mild use disorder');
INSERT INTO DSM5(dsm5_id,icd9_code,icd10_code, description) VALUES (301,NULL,'F14.282','Cocaine-induced sleep disorder, With moderate or severe use disorder');
INSERT INTO DSM5(dsm5_id,icd9_code,icd10_code, description) VALUES (302,NULL,'F14.982','Cocaine-induced sleep disorder, Without use disorder');
INSERT INTO DSM5(dsm5_id,icd9_code,icd10_code, description) VALUES (303,'327.26','G47.36','Comorbid sleep-related hypoventilation');
INSERT INTO DSM5(dsm5_id,icd9_code,icd10_code, description) VALUES (304,NULL,NULL,'Conduct disorder');
INSERT INTO DSM5(dsm5_id,icd9_code,icd10_code, description) VALUES (305,'312.82','F91.2','Conduct disorder, Adolescent-onset type');
INSERT INTO DSM5(dsm5_id,icd9_code,icd10_code, description) VALUES (306,'312.81','F91.1','Conduct disorder, Childhood-onset type');
INSERT INTO DSM5(dsm5_id,icd9_code,icd10_code, description) VALUES (307,'312.89','F91.9','Conduct disorder, Unspecified onset');
INSERT INTO DSM5(dsm5_id,icd9_code,icd10_code, description) VALUES (308,'327.25','G47.35','Congenital central alveolar hypoventilation');
INSERT INTO DSM5(dsm5_id,icd9_code,icd10_code, description) VALUES (309,'300.11',NULL,'Conversion disorder (functional neurological symptom disorder)');
INSERT INTO DSM5(dsm5_id,icd9_code,icd10_code, description) VALUES (310,NULL,'F44.4','Conversion disorder (functional neurological symptom disorder), With abnormal movement');
INSERT INTO DSM5(dsm5_id,icd9_code,icd10_code, description) VALUES (311,NULL,'F44.6','Conversion disorder (functional neurological symptom disorder), With anesthesia or sensory loss');
INSERT INTO DSM5(dsm5_id,icd9_code,icd10_code, description) VALUES (312,NULL,'F44.5','Conversion disorder (functional neurological symptom disorder), With attacks or seizures');
INSERT INTO DSM5(dsm5_id,icd9_code,icd10_code, description) VALUES (313,NULL,'F44.7','Conversion disorder (functional neurological symptom disorder), With mixed symptoms');
INSERT INTO DSM5(dsm5_id,icd9_code,icd10_code, description) VALUES (314,NULL,'F44.6','Conversion disorder (functional neurological symptom disorder), With special sensory symptoms');
INSERT INTO DSM5(dsm5_id,icd9_code,icd10_code, description) VALUES (315,NULL,'F44.4','Conversion disorder (functional neurological symptom disorder), With speech symptoms');
INSERT INTO DSM5(dsm5_id,icd9_code,icd10_code, description) VALUES (316,NULL,'F44.4','Conversion disorder (functional neurological symptom disorder), With swallowing symptoms');
INSERT INTO DSM5(dsm5_id,icd9_code,icd10_code, description) VALUES (317,NULL,'F44.4','Conversion disorder (functional neurological symptom disorder), With weakness/paralysis');
INSERT INTO DSM5(dsm5_id,icd9_code,icd10_code, description) VALUES (318,'V62.5','Z65.0','Conviction in civil or criminal proceedings without imprisonment');
INSERT INTO DSM5(dsm5_id,icd9_code,icd10_code, description) VALUES (319,'301.13','F34.0','Cyclothymic disorder');
INSERT INTO DSM5(dsm5_id,icd9_code,icd10_code, description) VALUES (320,'302.74','F52.32','Delayed ejaculation');
INSERT INTO DSM5(dsm5_id,icd9_code,icd10_code, description) VALUES (321,NULL,NULL,'Delirium');
INSERT INTO DSM5(dsm5_id,icd9_code,icd10_code, description) VALUES (322,'293','F05','Delirium due to another medical condition');
INSERT INTO DSM5(dsm5_id,icd9_code,icd10_code, description) VALUES (323,'293','F05','Delirium due to multiple etiologies');
INSERT INTO DSM5(dsm5_id,icd9_code,icd10_code, description) VALUES (324,'297.1','F22','Delusional disorder');
INSERT INTO DSM5(dsm5_id,icd9_code,icd10_code, description) VALUES (325,'301.6','F60.7','Dependent personality disorder');
INSERT INTO DSM5(dsm5_id,icd9_code,icd10_code, description) VALUES (326,'300.6','F48.1','Depersonalization/derealization disorder');
INSERT INTO DSM5(dsm5_id,icd9_code,icd10_code, description) VALUES (327,'293.83',NULL,'Depressive disorder due to another medical condition');
INSERT INTO DSM5(dsm5_id,icd9_code,icd10_code, description) VALUES (328,NULL,'F06.31','Depressive disorder due to another medical condition, With depressive features');
INSERT INTO DSM5(dsm5_id,icd9_code,icd10_code, description) VALUES (329,NULL,'F06.32','Depressive disorder due to another medical condition, With major depressive-like episode');
INSERT INTO DSM5(dsm5_id,icd9_code,icd10_code, description) VALUES (330,NULL,'F06.34','Depressive disorder due to another medical condition, With mixed features');
INSERT INTO DSM5(dsm5_id,icd9_code,icd10_code, description) VALUES (331,'315.4','F82','Developmental coordination disorder');
INSERT INTO DSM5(dsm5_id,icd9_code,icd10_code, description) VALUES (332,'V60.89','Z59.2','Discord with neighbor, lodger, or landlord');
INSERT INTO DSM5(dsm5_id,icd9_code,icd10_code, description) VALUES (333,'V62.89','Z64.4','Discord with social service provider, including probation officer, case manager, or social services worker');
INSERT INTO DSM5(dsm5_id,icd9_code,icd10_code, description) VALUES (334,'313.89','F94.2','Disinhibited social engagement disorder');
INSERT INTO DSM5(dsm5_id,icd9_code,icd10_code, description) VALUES (335,'V61.03','Z63.5','Disruption of family by separation or divorce');
INSERT INTO DSM5(dsm5_id,icd9_code,icd10_code, description) VALUES (336,'296.99','F34.8','Disruptive mood dysregulation disorder');
INSERT INTO DSM5(dsm5_id,icd9_code,icd10_code, description) VALUES (337,'300.12','F44.0','Dissociative amnesia');
INSERT INTO DSM5(dsm5_id,icd9_code,icd10_code, description) VALUES (338,'300.13','F44.1','Dissociative amnesia, with dissociative fugue');
INSERT INTO DSM5(dsm5_id,icd9_code,icd10_code, description) VALUES (339,'300.14','F44.81','Dissociative identity disorder');
INSERT INTO DSM5(dsm5_id,icd9_code,icd10_code, description) VALUES (340,'307.7','F98.1','Encopresis');
INSERT INTO DSM5(dsm5_id,icd9_code,icd10_code, description) VALUES (341,'307.6','F98.0','Enuresis');
INSERT INTO DSM5(dsm5_id,icd9_code,icd10_code, description) VALUES (342,'302.72','F52.21','Erectile disorder');
INSERT INTO DSM5(dsm5_id,icd9_code,icd10_code, description) VALUES (343,'698.4','L98.1','Excoriation (skin-picking) disorder');
INSERT INTO DSM5(dsm5_id,icd9_code,icd10_code, description) VALUES (344,'302.4','F65.2','Exhibitionistic disorder');
INSERT INTO DSM5(dsm5_id,icd9_code,icd10_code, description) VALUES (345,'V62.22','Z65.5','Exposure to disaster, war, or other hostilities');
INSERT INTO DSM5(dsm5_id,icd9_code,icd10_code, description) VALUES (346,'V60.2','Z59.5','Extreme poverty');
INSERT INTO DSM5(dsm5_id,icd9_code,icd10_code, description) VALUES (347,'300.19','F68.10','Factitious disorder');
INSERT INTO DSM5(dsm5_id,icd9_code,icd10_code, description) VALUES (348,'302.73','F52.31','Female orgasmic disorder');
INSERT INTO DSM5(dsm5_id,icd9_code,icd10_code, description) VALUES (349,'302.72','F52.22','Female sexual interest/arousal disorder');
INSERT INTO DSM5(dsm5_id,icd9_code,icd10_code, description) VALUES (350,'302.81','F65.0','Fetishistic disorder');
INSERT INTO DSM5(dsm5_id,icd9_code,icd10_code, description) VALUES (351,'302.89','F65.81','Frotteuristic disorder');
INSERT INTO DSM5(dsm5_id,icd9_code,icd10_code, description) VALUES (352,'312.31','F63.0','Gambling disorder');
INSERT INTO DSM5(dsm5_id,icd9_code,icd10_code, description) VALUES (353,'302.85','F64.1','Gender dysphoria in adolescents and adults');
INSERT INTO DSM5(dsm5_id,icd9_code,icd10_code, description) VALUES (354,'302.6','F64.2','Gender dysphoria in children');
INSERT INTO DSM5(dsm5_id,icd9_code,icd10_code, description) VALUES (355,'300.02','F41.1','Generalized anxiety disorder');
INSERT INTO DSM5(dsm5_id,icd9_code,icd10_code, description) VALUES (356,'302.76','F52.6','Genito-pelvic pain/penetration disorder');
INSERT INTO DSM5(dsm5_id,icd9_code,icd10_code, description) VALUES (357,'315.8','F88','Global developmental delay');
INSERT INTO DSM5(dsm5_id,icd9_code,icd10_code, description) VALUES (358,'292.89','F16.983','Hallucinogen persisting perception disorder');
INSERT INTO DSM5(dsm5_id,icd9_code,icd10_code, description) VALUES (359,'V61.8','Z63.8','High expressed emotion level within family');
INSERT INTO DSM5(dsm5_id,icd9_code,icd10_code, description) VALUES (360,'301.5','F60.4','Histrionic personality disorder');
INSERT INTO DSM5(dsm5_id,icd9_code,icd10_code, description) VALUES (361,'300.3','F42','Hoarding disorder');
INSERT INTO DSM5(dsm5_id,icd9_code,icd10_code, description) VALUES (362,'V60.0','Z59.0','Homelessness');
INSERT INTO DSM5(dsm5_id,icd9_code,icd10_code, description) VALUES (363,'780.54','G47.10','Hypersomnolence disorder');
INSERT INTO DSM5(dsm5_id,icd9_code,icd10_code, description) VALUES (364,'327.21','G47.31','Idiopathic central sleep apnea');
INSERT INTO DSM5(dsm5_id,icd9_code,icd10_code, description) VALUES (365,'327.24','G47.34','Idiopathic hypoventilation');
INSERT INTO DSM5(dsm5_id,icd9_code,icd10_code, description) VALUES (366,'300.7','F45.21','Illness anxiety disorder');
INSERT INTO DSM5(dsm5_id,icd9_code,icd10_code, description) VALUES (367,'V62.5','Z65.1','Imprisonment or other incarceration');
INSERT INTO DSM5(dsm5_id,icd9_code,icd10_code, description) VALUES (368,'V60.1','Z59.1','Inadequate housing');
INSERT INTO DSM5(dsm5_id,icd9_code,icd10_code, description) VALUES (369,'292.89',NULL,'Inhalant intoxication');
INSERT INTO DSM5(dsm5_id,icd9_code,icd10_code, description) VALUES (370,'292.81',NULL,'Inhalant intoxication delirium');
INSERT INTO DSM5(dsm5_id,icd9_code,icd10_code, description) VALUES (371,NULL,'F18.121','Inhalant intoxication delirium, With mild use disorder');
INSERT INTO DSM5(dsm5_id,icd9_code,icd10_code, description) VALUES (372,NULL,'F18.221','Inhalant intoxication delirium, With moderate or severe use disorder');
INSERT INTO DSM5(dsm5_id,icd9_code,icd10_code, description) VALUES (373,NULL,'F18.921','Inhalant intoxication delirium, Without use disorder');
INSERT INTO DSM5(dsm5_id,icd9_code,icd10_code, description) VALUES (374,NULL,'F18.129','Inhalant intoxication, With mild use disorder');
INSERT INTO DSM5(dsm5_id,icd9_code,icd10_code, description) VALUES (375,NULL,'F18.229','Inhalant intoxication, With moderate or severe use disorder');
INSERT INTO DSM5(dsm5_id,icd9_code,icd10_code, description) VALUES (376,NULL,'F18.929','Inhalant intoxication, Without use disorder');
INSERT INTO DSM5(dsm5_id,icd9_code,icd10_code, description) VALUES (377,NULL,NULL,'Inhalant use disorder');
INSERT INTO DSM5(dsm5_id,icd9_code,icd10_code, description) VALUES (378,'305.9','F18.10','Inhalant use disorder, Mild');
INSERT INTO DSM5(dsm5_id,icd9_code,icd10_code, description) VALUES (379,'304.6','F18.20','Inhalant use disorder, Moderate');
INSERT INTO DSM5(dsm5_id,icd9_code,icd10_code, description) VALUES (380,'304.6','F18.20','Inhalant use disorder, Severe');
INSERT INTO DSM5(dsm5_id,icd9_code,icd10_code, description) VALUES (381,'292.89',NULL,'Inhalant-induced anxiety disorder');
INSERT INTO DSM5(dsm5_id,icd9_code,icd10_code, description) VALUES (382,NULL,'F18.180','Inhalant-induced anxiety disorder, With mild use disorder');
INSERT INTO DSM5(dsm5_id,icd9_code,icd10_code, description) VALUES (383,NULL,'F18.280','Inhalant-induced anxiety disorder, With moderate or severe use disorder');
INSERT INTO DSM5(dsm5_id,icd9_code,icd10_code, description) VALUES (384,NULL,'F18.980','Inhalant-induced anxiety disorder, Without use disorder');
INSERT INTO DSM5(dsm5_id,icd9_code,icd10_code, description) VALUES (385,'292.84',NULL,'Inhalant-induced depressive disorder');
INSERT INTO DSM5(dsm5_id,icd9_code,icd10_code, description) VALUES (386,NULL,'F18.14','Inhalant-induced depressive disorder, With mild use disorder');
INSERT INTO DSM5(dsm5_id,icd9_code,icd10_code, description) VALUES (387,NULL,'F18.24','Inhalant-induced depressive disorder, With moderate or severe use disorder');
INSERT INTO DSM5(dsm5_id,icd9_code,icd10_code, description) VALUES (388,NULL,'F18.94','Inhalant-induced depressive disorder, Without use disorder');
INSERT INTO DSM5(dsm5_id,icd9_code,icd10_code, description) VALUES (389,'292.82',NULL,'Inhalant-induced major neurocognitive disorder');
INSERT INTO DSM5(dsm5_id,icd9_code,icd10_code, description) VALUES (390,NULL,'F18.17','Inhalant-induced major neurocognitive disorder, With mild use disorder');
INSERT INTO DSM5(dsm5_id,icd9_code,icd10_code, description) VALUES (391,NULL,'F18.27','Inhalant-induced major neurocognitive disorder, With moderate or severe use disorder');
INSERT INTO DSM5(dsm5_id,icd9_code,icd10_code, description) VALUES (392,NULL,'F18.97','Inhalant-induced major neurocognitive disorder, Without use disorder');
INSERT INTO DSM5(dsm5_id,icd9_code,icd10_code, description) VALUES (393,'292.89',NULL,'Inhalant-induced mild neurocognitive disorder');
INSERT INTO DSM5(dsm5_id,icd9_code,icd10_code, description) VALUES (394,NULL,'F18.188','Inhalant-induced mild neurocognitive disorder, With mild use disorder');
INSERT INTO DSM5(dsm5_id,icd9_code,icd10_code, description) VALUES (395,NULL,'F18.288','Inhalant-induced mild neurocognitive disorder, With moderate or severe use disorder');
INSERT INTO DSM5(dsm5_id,icd9_code,icd10_code, description) VALUES (396,NULL,'F18.988','Inhalant-induced mild neurocognitive disorder, Without use disorder');
INSERT INTO DSM5(dsm5_id,icd9_code,icd10_code, description) VALUES (397,'292.9',NULL,'Inhalant-induced psychotic disorder');
INSERT INTO DSM5(dsm5_id,icd9_code,icd10_code, description) VALUES (398,NULL,'F18.159','Inhalant-induced psychotic disorder, With mild use disorder');
INSERT INTO DSM5(dsm5_id,icd9_code,icd10_code, description) VALUES (399,NULL,'F18.259','Inhalant-induced psychotic disorder, With moderate or severe use disorder');
INSERT INTO DSM5(dsm5_id,icd9_code,icd10_code, description) VALUES (400,NULL,'F18.959','Inhalant-induced psychotic disorder, Without use disorder');
INSERT INTO DSM5(dsm5_id,icd9_code,icd10_code, description) VALUES (401,'780.52','G47.00','Insomnia disorder');
INSERT INTO DSM5(dsm5_id,icd9_code,icd10_code, description) VALUES (402,'V60.2','Z59.7','Insufficient social insurance or welfare support');
INSERT INTO DSM5(dsm5_id,icd9_code,icd10_code, description) VALUES (403,'319',NULL,'Intellectual disability (intellectual developmental disorder)');
INSERT INTO DSM5(dsm5_id,icd9_code,icd10_code, description) VALUES (404,'317','F70','Intellectual disability (intellectual developmental disorder), Mild');
INSERT INTO DSM5(dsm5_id,icd9_code,icd10_code, description) VALUES (405,'318','F71','Intellectual disability (intellectual developmental disorder), Moderate');
INSERT INTO DSM5(dsm5_id,icd9_code,icd10_code, description) VALUES (406,'318.2','F73','Intellectual disability (intellectual developmental disorder), Profound');
INSERT INTO DSM5(dsm5_id,icd9_code,icd10_code, description) VALUES (407,'318.1','F72','Intellectual disability (intellectual developmental disorder), Severe');
INSERT INTO DSM5(dsm5_id,icd9_code,icd10_code, description) VALUES (408,'312.34','F63.81','Intermittent explosive disorder');
INSERT INTO DSM5(dsm5_id,icd9_code,icd10_code, description) VALUES (409,'312.32','F63.2','Kleptomania');
INSERT INTO DSM5(dsm5_id,icd9_code,icd10_code, description) VALUES (410,'V60.2','Z59.4','Lack of adequate food or safe drinking water');
INSERT INTO DSM5(dsm5_id,icd9_code,icd10_code, description) VALUES (411,'315.39','F80.9','Language disorder');
INSERT INTO DSM5(dsm5_id,icd9_code,icd10_code, description) VALUES (412,'V60.2','Z59.6','Low income');
INSERT INTO DSM5(dsm5_id,icd9_code,icd10_code, description) VALUES (413,NULL,NULL,'Major depressive disorder, Recurrent episode');
INSERT INTO DSM5(dsm5_id,icd9_code,icd10_code, description) VALUES (414,'296.36','F33.42','Major depressive disorder, Recurrent episode, In full remission');
INSERT INTO DSM5(dsm5_id,icd9_code,icd10_code, description) VALUES (415,'296.35','F33.41','Major depressive disorder, Recurrent episode, In partial remission');
INSERT INTO DSM5(dsm5_id,icd9_code,icd10_code, description) VALUES (416,'296.31','F33.0','Major depressive disorder, Recurrent episode, Mild');
INSERT INTO DSM5(dsm5_id,icd9_code,icd10_code, description) VALUES (417,'296.32','F33.1','Major depressive disorder, Recurrent episode, Moderate');
INSERT INTO DSM5(dsm5_id,icd9_code,icd10_code, description) VALUES (418,'296.33','F33.2','Major depressive disorder, Recurrent episode, Severe');
INSERT INTO DSM5(dsm5_id,icd9_code,icd10_code, description) VALUES (419,'296.3','F33.9','Major depressive disorder, Recurrent episode, Unspecified');
INSERT INTO DSM5(dsm5_id,icd9_code,icd10_code, description) VALUES (420,'296.34','F33.3','Major depressive disorder, Recurrent episode, With psychotic features');
INSERT INTO DSM5(dsm5_id,icd9_code,icd10_code, description) VALUES (421,NULL,NULL,'Major depressive disorder, Single episode');
INSERT INTO DSM5(dsm5_id,icd9_code,icd10_code, description) VALUES (422,'296.26','F32.5','Major depressive disorder, Single episode, In full remission');
INSERT INTO DSM5(dsm5_id,icd9_code,icd10_code, description) VALUES (423,'296.25','F32.4','Major depressive disorder, Single episode, In partial remission');
INSERT INTO DSM5(dsm5_id,icd9_code,icd10_code, description) VALUES (424,'296.21','F32.0','Major depressive disorder, Single episode, Mild');
INSERT INTO DSM5(dsm5_id,icd9_code,icd10_code, description) VALUES (425,'296.22','F32.1','Major depressive disorder, Single episode, Moderate');
INSERT INTO DSM5(dsm5_id,icd9_code,icd10_code, description) VALUES (426,'296.23','F32.2','Major depressive disorder, Single episode, Severe');
INSERT INTO DSM5(dsm5_id,icd9_code,icd10_code, description) VALUES (427,'296.2','F32.9','Major depressive disorder, Single episode, Unspecified');
INSERT INTO DSM5(dsm5_id,icd9_code,icd10_code, description) VALUES (428,'296.24','F32.3','Major depressive disorder, Single episode, With psychotic features');
INSERT INTO DSM5(dsm5_id,icd9_code,icd10_code, description) VALUES (429,'331.9','G31.9','Major frontotemporal neurocognitive disorder, Possible');
INSERT INTO DSM5(dsm5_id,icd9_code,icd10_code, description) VALUES (430,NULL,NULL,'[Frontotemporal disease +] Major frontotemporal neurocognitive disorder, Probable');
INSERT INTO DSM5(dsm5_id,icd9_code,icd10_code, description) VALUES (431,'[331.19 +] 294.11','[G31.09 +] F02.81','[Frontotemporal disease +] Major frontotemporal neurocognitive disorder, Probable, With behavioral disturbance');
INSERT INTO DSM5(dsm5_id,icd9_code,icd10_code, description) VALUES (432,'[331.19 +] 294.10','[G31.09 +] F02.80','[Frontotemporal disease +] Major frontotemporal neurocognitive disorder, Probable, Without behavioral disturbance');
INSERT INTO DSM5(dsm5_id,icd9_code,icd10_code, description) VALUES (433,'[331.19 +] 331.9','[G31.09 +] G31.9','Major neurocognitive disorder due to Alzheimer''s disease, Possible');
INSERT INTO DSM5(dsm5_id,icd9_code,icd10_code, description) VALUES (434,NULL,NULL,'[Alzheimer''s disease +] Major neurocognitive disorder due to Alzheimer''s disease, Probable');
INSERT INTO DSM5(dsm5_id,icd9_code,icd10_code, description) VALUES (435,'[331.0 +] 294.11','[G30.9 +] F02.81','[Alzheimer''s disease +] Major neurocognitive disorder due to Alzheimer''s disease, Probable, With behavioral disturbance');
INSERT INTO DSM5(dsm5_id,icd9_code,icd10_code, description) VALUES (436,'[331.0 +] 294.10','[G30.9 +] F02.80','[Alzheimer''s disease +] Major neurocognitive disorder due to Alzheimer''s disease, Probable, Without behavioral disturbance');
INSERT INTO DSM5(dsm5_id,icd9_code,icd10_code, description) VALUES (437,NULL,NULL,'Major neurocognitive disorder due to another medical condition');
INSERT INTO DSM5(dsm5_id,icd9_code,icd10_code, description) VALUES (438,'294.11','F02.81','Major neurocognitive disorder due to another medical condition, With behavioral disturbance');
INSERT INTO DSM5(dsm5_id,icd9_code,icd10_code, description) VALUES (439,'294.1','F02.80','Major neurocognitive disorder due to another medical condition, Without behavioral disturbance');
INSERT INTO DSM5(dsm5_id,icd9_code,icd10_code, description) VALUES (440,NULL,NULL,'[HIV infection +] Major neurocognitive disorder due to HIV infection');
INSERT INTO DSM5(dsm5_id,icd9_code,icd10_code, description) VALUES (441,'[042 +] 294.11','[B20 +] F02.81','[HIV infection +] Major neurocognitive disorder due to HIV infection, With behavioral disturbance');
INSERT INTO DSM5(dsm5_id,icd9_code,icd10_code, description) VALUES (442,'[042 +] 294.10','[B20 +] F02.80','[HIV infection +] Major neurocognitive disorder due to HIV infection, Without behavioral disturbance');
INSERT INTO DSM5(dsm5_id,icd9_code,icd10_code, description) VALUES (443,NULL,NULL,'[Huntington''s disease +] Major neurocognitive disorder due to Huntington''s disease');
INSERT INTO DSM5(dsm5_id,icd9_code,icd10_code, description) VALUES (444,'[333.4 +] 294.11','[G10 +] F02.81','[Huntington''s disease +] Major neurocognitive disorder due to Huntington''s disease, With behavioral disturbance');
INSERT INTO DSM5(dsm5_id,icd9_code,icd10_code, description) VALUES (445,'[333.4 +] 294.10','[G10 +] F02.80','[Huntington''s disease +] Major neurocognitive disorder due to Huntington''s disease, Without behavioral disturbance');
INSERT INTO DSM5(dsm5_id,icd9_code,icd10_code, description) VALUES (446,NULL,NULL,'Major neurocognitive disorder due to multiple etiologies');
INSERT INTO DSM5(dsm5_id,icd9_code,icd10_code, description) VALUES (447,'294.11','F02.81','Major neurocognitive disorder due to multiple etiologies, With behavioral disturbance');
INSERT INTO DSM5(dsm5_id,icd9_code,icd10_code, description) VALUES (448,'294.1','F02.80','Major neurocognitive disorder due to multiple etiologies, Without behavioral disturbance');
INSERT INTO DSM5(dsm5_id,icd9_code,icd10_code, description) VALUES (449,'331.9','G31.9','Major neurocognitive disorder due to Parkinson''s disease, Possible');
INSERT INTO DSM5(dsm5_id,icd9_code,icd10_code, description) VALUES (450,NULL,NULL,'[Parkinson''s disease +] Major neurocognitive disorder due to Parkinson''s disease, Probable');
INSERT INTO DSM5(dsm5_id,icd9_code,icd10_code, description) VALUES (451,'[332.0 +] 294.11','[G20 +] F02.81','[Parkinson''s disease +] Major neurocognitive disorder due to Parkinson''s disease, Probable, With behavioral disturbance');
INSERT INTO DSM5(dsm5_id,icd9_code,icd10_code, description) VALUES (452,'[332.0 +] 294.10','[G20 +] F02.80','[Parkinson''s disease +] Major neurocognitive disorder due to Parkinson''s disease, Probable, Without behavioral disturbance');
INSERT INTO DSM5(dsm5_id,icd9_code,icd10_code, description) VALUES (453,NULL,NULL,'[Prion disease +] Major neurocognitive disorder due to prion disease');
INSERT INTO DSM5(dsm5_id,icd9_code,icd10_code, description) VALUES (454,'[046.79 +] 294.11','[A81.9 +] F02.81','[Prion disease +] Major neurocognitive disorder due to prion disease, With behavioral disturbance');
INSERT INTO DSM5(dsm5_id,icd9_code,icd10_code, description) VALUES (455,'[046.79 +] 294.10','[A81.9 +] F02.80','[Prion disease +] Major neurocognitive disorder due to prion disease, Without behavioral disturbance');
INSERT INTO DSM5(dsm5_id,icd9_code,icd10_code, description) VALUES (456,NULL,NULL,'[Late effect of intracranial injury without skull fracture (ICD-9-CM) / Diffuse traumatic brain injury with loss of consciousness of unspecified duration, sequela (ICD-10-CM) +] Major neurocognitive disorder due to traumatic brain injury');
INSERT INTO DSM5(dsm5_id,icd9_code,icd10_code, description) VALUES (457,'[907.0 +] 294.11','[S06.2X9S +] F02.81','[Late effect of intracranial injury without skull fracture (ICD-9-CM) / Diffuse traumatic brain injury with loss of consciousness of unspecified duration, sequela (ICD-10-CM) +] Major neurocognitive disorder due to traumatic brain injury, With behavioral disturbance');
INSERT INTO DSM5(dsm5_id,icd9_code,icd10_code, description) VALUES (458,'[907.0 +] 294.10','[S06.2X9S +] F02.80','[Late effect of intracranial injury without skull fracture (ICD-9-CM) / Diffuse traumatic brain injury with loss of consciousness of unspecified duration, sequela (ICD-10-CM) +] Major neurocognitive disorder due to traumatic brain injury, Without behavioral disturbance');
INSERT INTO DSM5(dsm5_id,icd9_code,icd10_code, description) VALUES (459,'331.9','G31.9','Major neurocognitive disorder with Lewy bodies, Possible');
INSERT INTO DSM5(dsm5_id,icd9_code,icd10_code, description) VALUES (460,NULL,NULL,'[Lewy body disease +] Major neurocognitive disorder with Lewy bodies, Probable');
INSERT INTO DSM5(dsm5_id,icd9_code,icd10_code, description) VALUES (461,'[331.82 +] 294.11','[G31.83 +] F02.81','[Lewy body disease +] Major neurocognitive disorder with Lewy bodies, Probable, With behavioral disturbance');
INSERT INTO DSM5(dsm5_id,icd9_code,icd10_code, description) VALUES (462,'[331.82 +] 294.10','[G31.83 +] F02.80','[Lewy body disease +] Major neurocognitive disorder with Lewy bodies, Probable, Without behavioral disturbance');
INSERT INTO DSM5(dsm5_id,icd9_code,icd10_code, description) VALUES (463,'331.9','G31.9','Major vascular neurocognitive disorder, Possible');
INSERT INTO DSM5(dsm5_id,icd9_code,icd10_code, description) VALUES (464,NULL,NULL,'Major vascular neurocognitive disorder, Probable');
INSERT INTO DSM5(dsm5_id,icd9_code,icd10_code, description) VALUES (465,'290.4','F01.51','Major vascular neurocognitive disorder, Probable, With behavioral disturbance');
INSERT INTO DSM5(dsm5_id,icd9_code,icd10_code, description) VALUES (466,'290.4','F01.50','Major vascular neurocognitive disorder, Probable, Without behavioral disturbance');
INSERT INTO DSM5(dsm5_id,icd9_code,icd10_code, description) VALUES (467,'302.71','F52.0','Male hypoactive sexual desire disorder');
INSERT INTO DSM5(dsm5_id,icd9_code,icd10_code, description) VALUES (468,'V65.2','Z76.5','Malingering');
INSERT INTO DSM5(dsm5_id,icd9_code,icd10_code, description) VALUES (469,'333.99','G25.71','Medication-induced acute akathisia');
INSERT INTO DSM5(dsm5_id,icd9_code,icd10_code, description) VALUES (470,'333.72','G24.02','Medication-induced acute dystonia');
INSERT INTO DSM5(dsm5_id,icd9_code,icd10_code, description) VALUES (471,'292.81','see specific substances','Medication-induced delirium');
INSERT INTO DSM5(dsm5_id,icd9_code,icd10_code, description) VALUES (472,'292.81','see specific substances','Medication-induced delirium');
INSERT INTO DSM5(dsm5_id,icd9_code,icd10_code, description) VALUES (473,'333.1','G25.1','Medication-induced postural tremor');
INSERT INTO DSM5(dsm5_id,icd9_code,icd10_code, description) VALUES (474,'331.83','G31.84','Mild frontotemporal neurocognitive disorder');
INSERT INTO DSM5(dsm5_id,icd9_code,icd10_code, description) VALUES (475,'331.83','G31.84','Mild neurocognitive disorder due to Alzheimer''s disease');
INSERT INTO DSM5(dsm5_id,icd9_code,icd10_code, description) VALUES (476,'331.83','G31.84','Mild neurocognitive disorder due to another medical condition');
INSERT INTO DSM5(dsm5_id,icd9_code,icd10_code, description) VALUES (477,'331.83','G31.84','Mild neurocognitive disorder due to HIV infection');
INSERT INTO DSM5(dsm5_id,icd9_code,icd10_code, description) VALUES (478,'331.83','G31.84','Mild neurocognitive disorder due to Huntington''s disease');
INSERT INTO DSM5(dsm5_id,icd9_code,icd10_code, description) VALUES (479,'331.83','G31.84','Mild neurocognitive disorder due to multiple etiologies');
INSERT INTO DSM5(dsm5_id,icd9_code,icd10_code, description) VALUES (480,'331.83','G31.84','Mild neurocognitive disorder due to Parkinson''s disease');
INSERT INTO DSM5(dsm5_id,icd9_code,icd10_code, description) VALUES (481,'331.83','G31.84','Mild neurocognitive disorder due to prion disease');
INSERT INTO DSM5(dsm5_id,icd9_code,icd10_code, description) VALUES (482,'331.83','G31.84','Mild neurocognitive disorder due to traumatic brain injury');
INSERT INTO DSM5(dsm5_id,icd9_code,icd10_code, description) VALUES (483,'331.83','G31.84','Mild neurocognitive disorder with Lewy bodies');
INSERT INTO DSM5(dsm5_id,icd9_code,icd10_code, description) VALUES (484,'331.83','G31.84','Mild vascular neurocognitive disorder');
INSERT INTO DSM5(dsm5_id,icd9_code,icd10_code, description) VALUES (485,'301.81','F60.81','Narcissistic personality disorder');
INSERT INTO DSM5(dsm5_id,icd9_code,icd10_code, description) VALUES (486,NULL,NULL,'Narcolepsy');
INSERT INTO DSM5(dsm5_id,icd9_code,icd10_code, description) VALUES (487,'347.1','G47.429','Narcolepsy secondary to another medical condition');
INSERT INTO DSM5(dsm5_id,icd9_code,icd10_code, description) VALUES (488,'347.01','G47.411','Narcolepsy with cataplexy but without hypocretin deficiency');
INSERT INTO DSM5(dsm5_id,icd9_code,icd10_code, description) VALUES (489,'347','G47.419','Narcolepsy without cataplexy but with hypocretin deficiency');
INSERT INTO DSM5(dsm5_id,icd9_code,icd10_code, description) VALUES (490,'333.92','G21.0','Neuroleptic malignant syndrome');
INSERT INTO DSM5(dsm5_id,icd9_code,icd10_code, description) VALUES (491,'332.1','G21.11','Neuroleptic-induced parkinsonism');
INSERT INTO DSM5(dsm5_id,icd9_code,icd10_code, description) VALUES (492,'307.47','F51.5','Nightmare disorder');
INSERT INTO DSM5(dsm5_id,icd9_code,icd10_code, description) VALUES (493,'V71.09','Z03.89','No Diagnosis or Condition on Axis I / No Diagnosis on Axis II [DSM-IV]');
INSERT INTO DSM5(dsm5_id,icd9_code,icd10_code, description) VALUES (494,'V15.81','Z91.19','Nonadherence to medical treatment');
INSERT INTO DSM5(dsm5_id,icd9_code,icd10_code, description) VALUES (495,NULL,NULL,'Non-rapid eye movement sleep arousal disorders');
INSERT INTO DSM5(dsm5_id,icd9_code,icd10_code, description) VALUES (496,'307.46','F51.4','Non-rapid eye movement sleep arousal disorders, Sleep terror type');
INSERT INTO DSM5(dsm5_id,icd9_code,icd10_code, description) VALUES (497,'307.46','F51.3','Non-rapid eye movement sleep arousal disorders, Sleepwalking type');
INSERT INTO DSM5(dsm5_id,icd9_code,icd10_code, description) VALUES (498,'294.8','F06.8','Obsessive-compulsive and related disorder due to another medical condition');
INSERT INTO DSM5(dsm5_id,icd9_code,icd10_code, description) VALUES (499,'300.3','F42','Obsessive-compulsive disorder');
INSERT INTO DSM5(dsm5_id,icd9_code,icd10_code, description) VALUES (500,'301.4','F60.5','Obsessive-compulsive personality disorder');
INSERT INTO DSM5(dsm5_id,icd9_code,icd10_code, description) VALUES (501,'327.23','G47.33','Obstructive sleep apnea hypopnea');
INSERT INTO DSM5(dsm5_id,icd9_code,icd10_code, description) VALUES (502,'292.89',NULL,'Opioid intoxication');
INSERT INTO DSM5(dsm5_id,icd9_code,icd10_code, description) VALUES (503,'292.81',NULL,'Opioid intoxication delirium');
INSERT INTO DSM5(dsm5_id,icd9_code,icd10_code, description) VALUES (504,NULL,'F11.121','Opioid intoxication delirium, With mild use disorder');
INSERT INTO DSM5(dsm5_id,icd9_code,icd10_code, description) VALUES (505,NULL,'F11.221','Opioid intoxication delirium, With moderate or severe use disorder');
INSERT INTO DSM5(dsm5_id,icd9_code,icd10_code, description) VALUES (506,NULL,'F11.921','Opioid intoxication delirium, Without use disorder');
INSERT INTO DSM5(dsm5_id,icd9_code,icd10_code, description) VALUES (507,NULL,NULL,'Opioid intoxication, With perceptual disturbances');
INSERT INTO DSM5(dsm5_id,icd9_code,icd10_code, description) VALUES (508,NULL,'F11.122','Opioid intoxication, With perceptual disturbances, With mild use disorder');
INSERT INTO DSM5(dsm5_id,icd9_code,icd10_code, description) VALUES (509,NULL,'F11.222','Opioid intoxication, With perceptual disturbances, With moderate or severe use disorder');
INSERT INTO DSM5(dsm5_id,icd9_code,icd10_code, description) VALUES (510,NULL,'F11.922','Opioid intoxication, With perceptual disturbances, Without use disorder');
INSERT INTO DSM5(dsm5_id,icd9_code,icd10_code, description) VALUES (511,NULL,NULL,'Opioid intoxication, Without perceptual disturbances');
INSERT INTO DSM5(dsm5_id,icd9_code,icd10_code, description) VALUES (512,NULL,'F11.129','Opioid intoxication, Without perceptual disturbances, With mild use disorder');
INSERT INTO DSM5(dsm5_id,icd9_code,icd10_code, description) VALUES (513,NULL,'F11.229','Opioid intoxication, Without perceptual disturbances, With moderate or severe use disorder');
INSERT INTO DSM5(dsm5_id,icd9_code,icd10_code, description) VALUES (514,NULL,'F11.929','Opioid intoxication, Without perceptual disturbances, Without use disorder');
INSERT INTO DSM5(dsm5_id,icd9_code,icd10_code, description) VALUES (515,NULL,NULL,'Opioid use disorder');
INSERT INTO DSM5(dsm5_id,icd9_code,icd10_code, description) VALUES (516,'305.5','F11.10','Opioid use disorder, Mild');
INSERT INTO DSM5(dsm5_id,icd9_code,icd10_code, description) VALUES (517,'304','F11.20','Opioid use disorder, Moderate');
INSERT INTO DSM5(dsm5_id,icd9_code,icd10_code, description) VALUES (518,'304','F11.20','Opioid use disorder, Severe');
INSERT INTO DSM5(dsm5_id,icd9_code,icd10_code, description) VALUES (519,'292','F11.23','Opioid withdrawal');
INSERT INTO DSM5(dsm5_id,icd9_code,icd10_code, description) VALUES (520,'292','F11.23','Opioid withdrawal delirium');
INSERT INTO DSM5(dsm5_id,icd9_code,icd10_code, description) VALUES (521,'292.89',NULL,'Opioid-induced anxiety disorder');
INSERT INTO DSM5(dsm5_id,icd9_code,icd10_code, description) VALUES (522,NULL,'F11.188','Opioid-induced anxiety disorder, With mild use disorder');
INSERT INTO DSM5(dsm5_id,icd9_code,icd10_code, description) VALUES (523,NULL,'F11.288','Opioid-induced anxiety disorder, With moderate or severe use disorder');
INSERT INTO DSM5(dsm5_id,icd9_code,icd10_code, description) VALUES (524,NULL,'F11.988','Opioid-induced anxiety disorder, Without use disorder');
INSERT INTO DSM5(dsm5_id,icd9_code,icd10_code, description) VALUES (525,NULL,'F11.921','Opioid-induced delirium');
INSERT INTO DSM5(dsm5_id,icd9_code,icd10_code, description) VALUES (526,'292.84',NULL,'Opioid-induced depressive disorder');
INSERT INTO DSM5(dsm5_id,icd9_code,icd10_code, description) VALUES (527,NULL,'F11.14','Opioid-induced depressive disorder, With mild use disorder');
INSERT INTO DSM5(dsm5_id,icd9_code,icd10_code, description) VALUES (528,NULL,'F11.24','Opioid-induced depressive disorder, With moderate or severe use disorder');
INSERT INTO DSM5(dsm5_id,icd9_code,icd10_code, description) VALUES (529,NULL,'F11.94','Opioid-induced depressive disorder, Without use disorder');
INSERT INTO DSM5(dsm5_id,icd9_code,icd10_code, description) VALUES (530,'292.89',NULL,'Opioid-induced sexual dysfunction');
INSERT INTO DSM5(dsm5_id,icd9_code,icd10_code, description) VALUES (531,NULL,'F11.181','Opioid-induced sexual dysfunction, With mild use disorder');
INSERT INTO DSM5(dsm5_id,icd9_code,icd10_code, description) VALUES (532,NULL,'F11.281','Opioid-induced sexual dysfunction, With moderate or severe use disorder');
INSERT INTO DSM5(dsm5_id,icd9_code,icd10_code, description) VALUES (533,NULL,'F11.981','Opioid-induced sexual dysfunction, Without use disorder');
INSERT INTO DSM5(dsm5_id,icd9_code,icd10_code, description) VALUES (534,'292.85',NULL,'Opioid-induced sleep disorder');
INSERT INTO DSM5(dsm5_id,icd9_code,icd10_code, description) VALUES (535,NULL,'F11.182','Opioid-induced sleep disorder, With mild use disorder');
INSERT INTO DSM5(dsm5_id,icd9_code,icd10_code, description) VALUES (536,NULL,'F11.282','Opioid-induced sleep disorder, With moderate or severe use disorder');
INSERT INTO DSM5(dsm5_id,icd9_code,icd10_code, description) VALUES (537,NULL,'F11.982','Opioid-induced sleep disorder, Without use disorder');
INSERT INTO DSM5(dsm5_id,icd9_code,icd10_code, description) VALUES (538,'313.81','F91.3','Oppositional defiant disorder');
INSERT INTO DSM5(dsm5_id,icd9_code,icd10_code, description) VALUES (539,'292.89',NULL,'Other (or unknown) substance intoxication');
INSERT INTO DSM5(dsm5_id,icd9_code,icd10_code, description) VALUES (540,'292.81',NULL,'Other (or unknown) substance intoxication delirium');
INSERT INTO DSM5(dsm5_id,icd9_code,icd10_code, description) VALUES (541,NULL,'F19.121','Other (or unknown) substance intoxication delirium, With mild use disorder');
INSERT INTO DSM5(dsm5_id,icd9_code,icd10_code, description) VALUES (542,NULL,'F19.221','Other (or unknown) substance intoxication delirium, With moderate or severe use disorder');
INSERT INTO DSM5(dsm5_id,icd9_code,icd10_code, description) VALUES (543,NULL,'F19.921','Other (or unknown) substance intoxication delirium, Without use disorder');
INSERT INTO DSM5(dsm5_id,icd9_code,icd10_code, description) VALUES (544,NULL,'F19.129','Other (or unknown) substance intoxication, With mild use disorder');
INSERT INTO DSM5(dsm5_id,icd9_code,icd10_code, description) VALUES (545,NULL,'F19.229','Other (or unknown) substance intoxication, With moderate or severe use disorder');
INSERT INTO DSM5(dsm5_id,icd9_code,icd10_code, description) VALUES (546,NULL,'F19.929','Other (or unknown) substance intoxication, Without use disorder');
INSERT INTO DSM5(dsm5_id,icd9_code,icd10_code, description) VALUES (547,NULL,NULL,'Other (or unknown) substance use disorder');
INSERT INTO DSM5(dsm5_id,icd9_code,icd10_code, description) VALUES (548,'305.9','F19.10','Other (or unknown) substance use disorder, Mild');
INSERT INTO DSM5(dsm5_id,icd9_code,icd10_code, description) VALUES (549,'304.9','F19.20','Other (or unknown) substance use disorder, Moderate');
INSERT INTO DSM5(dsm5_id,icd9_code,icd10_code, description) VALUES (550,'304.9','F19.20','Other (or unknown) substance use disorder, Severe');
INSERT INTO DSM5(dsm5_id,icd9_code,icd10_code, description) VALUES (551,'292','F19.239','Other (or unknown) substance withdrawal');
INSERT INTO DSM5(dsm5_id,icd9_code,icd10_code, description) VALUES (552,'292','F19.231','Other (or unknown) substance withdrawal delirium');
INSERT INTO DSM5(dsm5_id,icd9_code,icd10_code, description) VALUES (553,'292.89',NULL,'Other (or unknown) substance-induced anxiety disorder');
INSERT INTO DSM5(dsm5_id,icd9_code,icd10_code, description) VALUES (554,NULL,'F19.180','Other (or unknown) substance-induced anxiety disorder, With mild use disorder');
INSERT INTO DSM5(dsm5_id,icd9_code,icd10_code, description) VALUES (555,NULL,'F19.280','Other (or unknown) substance-induced anxiety disorder, With moderate or severe use disorder');
INSERT INTO DSM5(dsm5_id,icd9_code,icd10_code, description) VALUES (556,NULL,'F19.980','Other (or unknown) substance-induced anxiety disorder, Without use disorder');
INSERT INTO DSM5(dsm5_id,icd9_code,icd10_code, description) VALUES (557,'292.84',NULL,'Other (or unknown) substance-induced bipolar and related disorder');
INSERT INTO DSM5(dsm5_id,icd9_code,icd10_code, description) VALUES (558,NULL,'F19.14','Other (or unknown) substance-induced bipolar and related disorder, With mild use disorder');
INSERT INTO DSM5(dsm5_id,icd9_code,icd10_code, description) VALUES (559,NULL,'F19.24','Other (or unknown) substance-induced bipolar and related disorder, With moderate or severe use disorder');
INSERT INTO DSM5(dsm5_id,icd9_code,icd10_code, description) VALUES (560,NULL,'F19.94','Other (or unknown) substance-induced bipolar and related disorder, Without use disorder');
INSERT INTO DSM5(dsm5_id,icd9_code,icd10_code, description) VALUES (561,NULL,'F19.921','Other (or unknown) substance-induced delirium');
INSERT INTO DSM5(dsm5_id,icd9_code,icd10_code, description) VALUES (562,'292.84',NULL,'Other (or unknown) substance-induced depressive disorder');
INSERT INTO DSM5(dsm5_id,icd9_code,icd10_code, description) VALUES (563,NULL,'F19.14','Other (or unknown) substance-induced depressive disorder, With mild use disorder');
INSERT INTO DSM5(dsm5_id,icd9_code,icd10_code, description) VALUES (564,NULL,'F19.24','Other (or unknown) substance-induced depressive disorder, With moderate or severe use disorder');
INSERT INTO DSM5(dsm5_id,icd9_code,icd10_code, description) VALUES (565,NULL,'F19.94','Other (or unknown) substance-induced depressive disorder, Without use disorder');
INSERT INTO DSM5(dsm5_id,icd9_code,icd10_code, description) VALUES (566,'292.82',NULL,'Other (or unknown) substance-induced major neurocognitive disorder');
INSERT INTO DSM5(dsm5_id,icd9_code,icd10_code, description) VALUES (567,NULL,'F19.17','Other (or unknown) substance-induced major neurocognitive disorder, With mild use disorder');
INSERT INTO DSM5(dsm5_id,icd9_code,icd10_code, description) VALUES (568,NULL,'F19.27','Other (or unknown) substance-induced major neurocognitive disorder, With moderate or severe use disorder');
INSERT INTO DSM5(dsm5_id,icd9_code,icd10_code, description) VALUES (569,NULL,'F19.97','Other (or unknown) substance-induced major neurocognitive disorder, Without use disorder');
INSERT INTO DSM5(dsm5_id,icd9_code,icd10_code, description) VALUES (570,'292.89',NULL,'Other (or unknown) substance-induced mild neurocognitive disorder');
INSERT INTO DSM5(dsm5_id,icd9_code,icd10_code, description) VALUES (571,NULL,'F19.188','Other (or unknown) substance-induced mild neurocognitive disorder, With mild use disorder');
INSERT INTO DSM5(dsm5_id,icd9_code,icd10_code, description) VALUES (572,NULL,'F19.288','Other (or unknown) substance-induced mild neurocognitive disorder, With moderate or severe use disorder');
INSERT INTO DSM5(dsm5_id,icd9_code,icd10_code, description) VALUES (573,NULL,'F19.988','Other (or unknown) substance-induced mild neurocognitive disorder, Without use disorder');
INSERT INTO DSM5(dsm5_id,icd9_code,icd10_code, description) VALUES (574,'292.89',NULL,'Other (or unknown) substance-induced obsessive-compulsive and related disorder');
INSERT INTO DSM5(dsm5_id,icd9_code,icd10_code, description) VALUES (575,NULL,'F19.188','Other (or unknown) substance-induced obsessive-compulsive and related disorder, With mild use disorder');
INSERT INTO DSM5(dsm5_id,icd9_code,icd10_code, description) VALUES (576,NULL,'F19.288','Other (or unknown) substance-induced obsessive-compulsive and related disorder, With moderate or severe use disorder');
INSERT INTO DSM5(dsm5_id,icd9_code,icd10_code, description) VALUES (577,NULL,'F19.988','Other (or unknown) substance-induced obsessive-compulsive and related disorder, Without use disorder');
INSERT INTO DSM5(dsm5_id,icd9_code,icd10_code, description) VALUES (578,'292.9',NULL,'Other (or unknown) substance-induced psychotic disorder');
INSERT INTO DSM5(dsm5_id,icd9_code,icd10_code, description) VALUES (579,NULL,'F19.159','Other (or unknown) substance-induced psychotic disorder, With mild use disorder');
INSERT INTO DSM5(dsm5_id,icd9_code,icd10_code, description) VALUES (580,NULL,'F19.259','Other (or unknown) substance-induced psychotic disorder, With moderate or severe use disorder');
INSERT INTO DSM5(dsm5_id,icd9_code,icd10_code, description) VALUES (581,NULL,'F19.959','Other (or unknown) substance-induced psychotic disorder, Without use disorder');
INSERT INTO DSM5(dsm5_id,icd9_code,icd10_code, description) VALUES (582,'292.89',NULL,'Other (or unknown) substance-induced sexual dysfunction');
INSERT INTO DSM5(dsm5_id,icd9_code,icd10_code, description) VALUES (583,NULL,'F19.181','Other (or unknown) substance-induced sexual dysfunction, With mild use disorder');
INSERT INTO DSM5(dsm5_id,icd9_code,icd10_code, description) VALUES (584,NULL,'F19.281','Other (or unknown) substance-induced sexual dysfunction, With moderate or severe use disorder');
INSERT INTO DSM5(dsm5_id,icd9_code,icd10_code, description) VALUES (585,NULL,'F19.981','Other (or unknown) substance-induced sexual dysfunction, Without use disorder');
INSERT INTO DSM5(dsm5_id,icd9_code,icd10_code, description) VALUES (586,'292.85',NULL,'Other (or unknown) substance-induced sleep disorder');
INSERT INTO DSM5(dsm5_id,icd9_code,icd10_code, description) VALUES (587,NULL,'F19.182','Other (or unknown) substance-induced sleep disorder, With mild use disorder');
INSERT INTO DSM5(dsm5_id,icd9_code,icd10_code, description) VALUES (588,NULL,'F19.282','Other (or unknown) substance-induced sleep disorder, With moderate or severe use disorder');
INSERT INTO DSM5(dsm5_id,icd9_code,icd10_code, description) VALUES (589,NULL,'F19.982','Other (or unknown) substance-induced sleep disorder, Without use disorder');
INSERT INTO DSM5(dsm5_id,icd9_code,icd10_code, description) VALUES (590,NULL,NULL,'Other adverse effect of medication');
INSERT INTO DSM5(dsm5_id,icd9_code,icd10_code, description) VALUES (591,'995.2','T50.905A','Other adverse effect of medication, Initial encounter');
INSERT INTO DSM5(dsm5_id,icd9_code,icd10_code, description) VALUES (592,'995.2','T50.905S','Other adverse effect of medication, Sequelae');
INSERT INTO DSM5(dsm5_id,icd9_code,icd10_code, description) VALUES (593,'995.2','T50.905D','Other adverse effect of medication, Subsequent encounter');
INSERT INTO DSM5(dsm5_id,icd9_code,icd10_code, description) VALUES (594,NULL,NULL,'Other circumstances related to adult abuse by nonspouse or nonpartner');
INSERT INTO DSM5(dsm5_id,icd9_code,icd10_code, description) VALUES (595,'V62.83','Z69.82','Other circumstances related to adult abuse by nonspouse or nonpartner, Encounter for mental health services for perpetrator of nonspousal adult abuse');
INSERT INTO DSM5(dsm5_id,icd9_code,icd10_code, description) VALUES (596,'V65.49','Z69.81','Other circumstances related to adult abuse by nonspouse or nonpartner, Encounter for mental health services for victim of nonspousal adult abuse');
INSERT INTO DSM5(dsm5_id,icd9_code,icd10_code, description) VALUES (597,NULL,NULL,'Other circumstances related to child neglect');
INSERT INTO DSM5(dsm5_id,icd9_code,icd10_code, description) VALUES (598,'V62.83','Z69.021','Other circumstances related to child neglect, Encounter for mental health services for perpetrator of nonparental child neglect');
INSERT INTO DSM5(dsm5_id,icd9_code,icd10_code, description) VALUES (599,'V61.22','Z69.011','Other circumstances related to child neglect, Encounter for mental health services for perpetrator of parental child neglect');
INSERT INTO DSM5(dsm5_id,icd9_code,icd10_code, description) VALUES (600,'V61.21','Z69.010','Other circumstances related to child neglect, Encounter for mental health services for victim of child neglect by parent');
INSERT INTO DSM5(dsm5_id,icd9_code,icd10_code, description) VALUES (601,'V61.21','Z69.020','Other circumstances related to child neglect, Encounter for mental health services for victim of nonparental child neglect');
INSERT INTO DSM5(dsm5_id,icd9_code,icd10_code, description) VALUES (602,NULL,NULL,'Other circumstances related to child physical abuse');
INSERT INTO DSM5(dsm5_id,icd9_code,icd10_code, description) VALUES (603,'V62.83','Z69.021','Other circumstances related to child physical abuse, Encounter for mental health services for perpetrator of nonparental child abuse');
INSERT INTO DSM5(dsm5_id,icd9_code,icd10_code, description) VALUES (604,'V61.22','Z69.011','Other circumstances related to child physical abuse, Encounter for mental health services for perpetrator of parental child abuse');
INSERT INTO DSM5(dsm5_id,icd9_code,icd10_code, description) VALUES (605,'V61.21','Z69.010','Other circumstances related to child physical abuse, Encounter for mental health services for victim of child abuse by parent');
INSERT INTO DSM5(dsm5_id,icd9_code,icd10_code, description) VALUES (606,'V61.21','Z69.020','Other circumstances related to child physical abuse, Encounter for mental health services for victim of nonparental child abuse');
INSERT INTO DSM5(dsm5_id,icd9_code,icd10_code, description) VALUES (607,NULL,NULL,'Other circumstances related to child psychological abuse');
INSERT INTO DSM5(dsm5_id,icd9_code,icd10_code, description) VALUES (608,'V62.83','Z69.021','Other circumstances related to child psychological abuse, Encounter for mental health services for perpetrator of nonparental child psychological abuse');
INSERT INTO DSM5(dsm5_id,icd9_code,icd10_code, description) VALUES (609,'V61.22','Z69.011','Other circumstances related to child psychological abuse, Encounter for mental health services for perpetrator of parental child psychological abuse');
INSERT INTO DSM5(dsm5_id,icd9_code,icd10_code, description) VALUES (610,'V61.21','Z69.010','Other circumstances related to child psychological abuse, Encounter for mental health services for victim of child psychological abuse by parent');
INSERT INTO DSM5(dsm5_id,icd9_code,icd10_code, description) VALUES (611,'V61.21','Z69.020','Other circumstances related to child psychological abuse, Encounter for mental health services for victim of nonparental child psychological abuse');
INSERT INTO DSM5(dsm5_id,icd9_code,icd10_code, description) VALUES (612,NULL,NULL,'Other circumstances related to child sexual abuse');
INSERT INTO DSM5(dsm5_id,icd9_code,icd10_code, description) VALUES (613,'V62.83','Z69.021','Other circumstances related to child sexual abuse, Encounter for mental health services for perpetrator of nonparental child sexual abuse');
INSERT INTO DSM5(dsm5_id,icd9_code,icd10_code, description) VALUES (614,'V61.22','Z69.011','Other circumstances related to child sexual abuse, Encounter for mental health services for perpetrator of parental child sexual abuse');
INSERT INTO DSM5(dsm5_id,icd9_code,icd10_code, description) VALUES (615,'V61.21','Z69.010','Other circumstances related to child sexual abuse, Encounter for mental health services for victim of child sexual abuse by parent');
INSERT INTO DSM5(dsm5_id,icd9_code,icd10_code, description) VALUES (616,'V61.21','Z69.020','Other circumstances related to child sexual abuse, Encounter for mental health services for victim of nonparental child sexual abuse');
INSERT INTO DSM5(dsm5_id,icd9_code,icd10_code, description) VALUES (617,NULL,NULL,'Other circumstances related to spouse or partner abuse, Psychological');
INSERT INTO DSM5(dsm5_id,icd9_code,icd10_code, description) VALUES (618,'V61.12','Z69.12','Other circumstances related to spouse or partner abuse, Psychological, Encounter for mental health services for perpetrator of spouse or partner psychological abuse');
INSERT INTO DSM5(dsm5_id,icd9_code,icd10_code, description) VALUES (619,'V61.11','Z69.11','Other circumstances related to spouse or partner abuse, Psychological, Encounter for mental health services for victim of spouse or partner psychological abuse');
INSERT INTO DSM5(dsm5_id,icd9_code,icd10_code, description) VALUES (620,NULL,NULL,'Other circumstances related to spouse or partner neglect');
INSERT INTO DSM5(dsm5_id,icd9_code,icd10_code, description) VALUES (621,'V61.12','Z69.12','Other circumstances related to spouse or partner neglect, Encounter for mental health services for perpetrator of spouse or partner neglect');
INSERT INTO DSM5(dsm5_id,icd9_code,icd10_code, description) VALUES (622,'V61.11','Z69.11','Other circumstances related to spouse or partner neglect, Encounter for mental health services for victim of spouse or partner neglect');
INSERT INTO DSM5(dsm5_id,icd9_code,icd10_code, description) VALUES (623,NULL,NULL,'Other circumstances related to spouse or partner violence, Physical');
INSERT INTO DSM5(dsm5_id,icd9_code,icd10_code, description) VALUES (624,'V61.12','Z69.12','Other circumstances related to spouse or partner violence, Physical, Encounter for mental health services for perpetrator of spouse or partner violence');
INSERT INTO DSM5(dsm5_id,icd9_code,icd10_code, description) VALUES (625,'V61.11','Z69.11','Other circumstances related to spouse or partner violence, Physical, Encounter for mental health services for victim of spouse or partner violence');
INSERT INTO DSM5(dsm5_id,icd9_code,icd10_code, description) VALUES (626,NULL,NULL,'Other circumstances related to spouse or partner violence, Sexual');
INSERT INTO DSM5(dsm5_id,icd9_code,icd10_code, description) VALUES (627,'V61.12','Z69.12','Other circumstances related to spouse or partner violence, Sexual, Encounter for mental health services for perpetrator of spouse or partner violence');
INSERT INTO DSM5(dsm5_id,icd9_code,icd10_code, description) VALUES (628,'V61.11','Z69.81','Other circumstances related to spouse or partner violence, Sexual, Encounter for mental health services for victim of spouse or partner violence');
INSERT INTO DSM5(dsm5_id,icd9_code,icd10_code, description) VALUES (629,'V65.40','Z71.9','Other counseling or consultation');
INSERT INTO DSM5(dsm5_id,icd9_code,icd10_code, description) VALUES (630,'292.89',NULL,'Other hallucinogen intoxication');
INSERT INTO DSM5(dsm5_id,icd9_code,icd10_code, description) VALUES (631,'292.81',NULL,'Other hallucinogen intoxication delirium');
INSERT INTO DSM5(dsm5_id,icd9_code,icd10_code, description) VALUES (632,NULL,'F16.121','Other hallucinogen intoxication delirium, With mild use disorder');
INSERT INTO DSM5(dsm5_id,icd9_code,icd10_code, description) VALUES (633,NULL,'F16.221','Other hallucinogen intoxication delirium, With moderate or severe use disorder');
INSERT INTO DSM5(dsm5_id,icd9_code,icd10_code, description) VALUES (634,NULL,'F16.921','Other hallucinogen intoxication delirium, Without use disorder');
INSERT INTO DSM5(dsm5_id,icd9_code,icd10_code, description) VALUES (635,NULL,'F16.129','Other hallucinogen intoxication, With mild use disorder');
INSERT INTO DSM5(dsm5_id,icd9_code,icd10_code, description) VALUES (636,NULL,'F16.229','Other hallucinogen intoxication, With moderate or severe use disorder');
INSERT INTO DSM5(dsm5_id,icd9_code,icd10_code, description) VALUES (637,NULL,'F16.929','Other hallucinogen intoxication, Without use disorder');
INSERT INTO DSM5(dsm5_id,icd9_code,icd10_code, description) VALUES (638,NULL,NULL,'Other hallucinogen use disorder');
INSERT INTO DSM5(dsm5_id,icd9_code,icd10_code, description) VALUES (639,'305.3','F16.10','Other hallucinogen use disorder, Mild');
INSERT INTO DSM5(dsm5_id,icd9_code,icd10_code, description) VALUES (640,'304.5','F16.20','Other hallucinogen use disorder, Moderate');
INSERT INTO DSM5(dsm5_id,icd9_code,icd10_code, description) VALUES (641,'304.5','F16.20','Other hallucinogen use disorder, Severe');
INSERT INTO DSM5(dsm5_id,icd9_code,icd10_code, description) VALUES (642,'292.89',NULL,'Other hallucinogen-induced anxiety disorder');
INSERT INTO DSM5(dsm5_id,icd9_code,icd10_code, description) VALUES (643,NULL,'F16.180','Other hallucinogen-induced anxiety disorder, With mild use disorder');
INSERT INTO DSM5(dsm5_id,icd9_code,icd10_code, description) VALUES (644,NULL,'F16.280','Other hallucinogen-induced anxiety disorder, With moderate or severe use disorder');
INSERT INTO DSM5(dsm5_id,icd9_code,icd10_code, description) VALUES (645,NULL,'F16.980','Other hallucinogen-induced anxiety disorder, Without use disorder');
INSERT INTO DSM5(dsm5_id,icd9_code,icd10_code, description) VALUES (646,'292.84',NULL,'Other hallucinogen-induced bipolar and related disorder');
INSERT INTO DSM5(dsm5_id,icd9_code,icd10_code, description) VALUES (647,NULL,'F16.14','Other hallucinogen-induced bipolar and related disorder, With mild use disorder');
INSERT INTO DSM5(dsm5_id,icd9_code,icd10_code, description) VALUES (648,NULL,'F16.24','Other hallucinogen-induced bipolar and related disorder, With moderate or severe use disorder');
INSERT INTO DSM5(dsm5_id,icd9_code,icd10_code, description) VALUES (649,NULL,'F16.94','Other hallucinogen-induced bipolar and related disorder, Without use disorder');
INSERT INTO DSM5(dsm5_id,icd9_code,icd10_code, description) VALUES (650,'292.84',NULL,'Other hallucinogen-induced depressive disorder');
INSERT INTO DSM5(dsm5_id,icd9_code,icd10_code, description) VALUES (651,NULL,'F16.14','Other hallucinogen-induced depressive disorder, With mild use disorder');
INSERT INTO DSM5(dsm5_id,icd9_code,icd10_code, description) VALUES (652,NULL,'F16.24','Other hallucinogen-induced depressive disorder, With moderate or severe use disorder');
INSERT INTO DSM5(dsm5_id,icd9_code,icd10_code, description) VALUES (653,NULL,'F16.94','Other hallucinogen-induced depressive disorder, Without use disorder');
INSERT INTO DSM5(dsm5_id,icd9_code,icd10_code, description) VALUES (654,'292.9',NULL,'Other hallucinogen-induced psychotic disorder');
INSERT INTO DSM5(dsm5_id,icd9_code,icd10_code, description) VALUES (655,NULL,'F16.159','Other hallucinogen-induced psychotic disorder, With mild use disorder');
INSERT INTO DSM5(dsm5_id,icd9_code,icd10_code, description) VALUES (656,NULL,'F16.259','Other hallucinogen-induced psychotic disorder, With moderate or severe use disorder');
INSERT INTO DSM5(dsm5_id,icd9_code,icd10_code, description) VALUES (657,NULL,'F16.959','Other hallucinogen-induced psychotic disorder, Without use disorder');
INSERT INTO DSM5(dsm5_id,icd9_code,icd10_code, description) VALUES (658,'333.99','G25.79','Other medication-induced movement disorder');
INSERT INTO DSM5(dsm5_id,icd9_code,icd10_code, description) VALUES (659,'332.1','G21.19','Other medication-induced parkinsonism');
INSERT INTO DSM5(dsm5_id,icd9_code,icd10_code, description) VALUES (660,NULL,NULL,'Other or unspecified stimulant use disorder');
INSERT INTO DSM5(dsm5_id,icd9_code,icd10_code, description) VALUES (661,'305.7','F15.10','Other or unspecified stimulant use disorder, Mild');
INSERT INTO DSM5(dsm5_id,icd9_code,icd10_code, description) VALUES (662,'304.4','F15.20','Other or unspecified stimulant use disorder, Moderate');
INSERT INTO DSM5(dsm5_id,icd9_code,icd10_code, description) VALUES (663,'304.4','F15.20','Other or unspecified stimulant use disorder, Severe');
INSERT INTO DSM5(dsm5_id,icd9_code,icd10_code, description) VALUES (664,'V15.49','Z91.49','Other personal history of psychological trauma');
INSERT INTO DSM5(dsm5_id,icd9_code,icd10_code, description) VALUES (665,'V15.89','Z91.89','Other personal risk factors');
INSERT INTO DSM5(dsm5_id,icd9_code,icd10_code, description) VALUES (666,'V62.29','Z56.9','Other problem related to employment');
INSERT INTO DSM5(dsm5_id,icd9_code,icd10_code, description) VALUES (667,'V62.89','Z65.8','Other problem related to psychosocial circumstances');
INSERT INTO DSM5(dsm5_id,icd9_code,icd10_code, description) VALUES (668,'300.09','F41.8','Other specified anxiety disorder');
INSERT INTO DSM5(dsm5_id,icd9_code,icd10_code, description) VALUES (669,'314.01','F90.8','Other specified attention-deficit/hyperactivity disorder');
INSERT INTO DSM5(dsm5_id,icd9_code,icd10_code, description) VALUES (670,'296.89','F31.89','Other specified bipolar and related disorder');
INSERT INTO DSM5(dsm5_id,icd9_code,icd10_code, description) VALUES (671,'780.09','R41.0','Other specified delirium');
INSERT INTO DSM5(dsm5_id,icd9_code,icd10_code, description) VALUES (672,'311','F32.8','Other specified depressive disorder');
INSERT INTO DSM5(dsm5_id,icd9_code,icd10_code, description) VALUES (673,'312.89','F91.8','Other specified disruptive, impulse-control, and conduct disorder');
INSERT INTO DSM5(dsm5_id,icd9_code,icd10_code, description) VALUES (674,'300.15','F44.89','Other specified dissociative disorder');
INSERT INTO DSM5(dsm5_id,icd9_code,icd10_code, description) VALUES (675,NULL,NULL,'Other specified elimination disorder');
INSERT INTO DSM5(dsm5_id,icd9_code,icd10_code, description) VALUES (676,'787.6','R15.9','Other specified elimination disorder, With fecal symptoms');
INSERT INTO DSM5(dsm5_id,icd9_code,icd10_code, description) VALUES (677,'788.39','N39.498','Other specified elimination disorder, With urinary symptoms');
INSERT INTO DSM5(dsm5_id,icd9_code,icd10_code, description) VALUES (678,'307.59','F50.8','Other specified feeding or eating disorder');
INSERT INTO DSM5(dsm5_id,icd9_code,icd10_code, description) VALUES (679,'302.6','F64.8','Other specified gender dysphoria');
INSERT INTO DSM5(dsm5_id,icd9_code,icd10_code, description) VALUES (680,'780.54','G47.19','Other specified hypersomnolence disorder');
INSERT INTO DSM5(dsm5_id,icd9_code,icd10_code, description) VALUES (681,'780.52','G47.09','Other specified insomnia disorder');
INSERT INTO DSM5(dsm5_id,icd9_code,icd10_code, description) VALUES (682,'300.9','F99','Other specified mental disorder');
INSERT INTO DSM5(dsm5_id,icd9_code,icd10_code, description) VALUES (683,'294.8','F06.8','Other specified mental disorder due to another medical condition');
INSERT INTO DSM5(dsm5_id,icd9_code,icd10_code, description) VALUES (684,'315.8','F88','Other specified neurodevelopmental disorder');
INSERT INTO DSM5(dsm5_id,icd9_code,icd10_code, description) VALUES (685,'300.3','F42','Other specified obsessive-compulsive and related disorder');
INSERT INTO DSM5(dsm5_id,icd9_code,icd10_code, description) VALUES (686,'302.89','F65.89','Other specified paraphilic disorder');
INSERT INTO DSM5(dsm5_id,icd9_code,icd10_code, description) VALUES (687,'301.89','F60.89','Other specified personality disorder');
INSERT INTO DSM5(dsm5_id,icd9_code,icd10_code, description) VALUES (688,'298.8','F28','Other specified schizophrenia spectrum and other psychotic disorder');
INSERT INTO DSM5(dsm5_id,icd9_code,icd10_code, description) VALUES (689,'302.79','F52.8','Other specified sexual dysfunction');
INSERT INTO DSM5(dsm5_id,icd9_code,icd10_code, description) VALUES (690,'780.59','G47.8','Other specified sleep-wake disorder');
INSERT INTO DSM5(dsm5_id,icd9_code,icd10_code, description) VALUES (691,'300.89','F45.8','Other specified somatic symptom and related disorder');
INSERT INTO DSM5(dsm5_id,icd9_code,icd10_code, description) VALUES (692,'307.2','F95.8','Other specified tic disorder');
INSERT INTO DSM5(dsm5_id,icd9_code,icd10_code, description) VALUES (693,'309.89','F43.8','Other specified trauma- and stressor-related disorder');
INSERT INTO DSM5(dsm5_id,icd9_code,icd10_code, description) VALUES (694,'278','E66.9','Overweight or obesity');
INSERT INTO DSM5(dsm5_id,icd9_code,icd10_code, description) VALUES (695,NULL,NULL,'Panic attack specifier');
INSERT INTO DSM5(dsm5_id,icd9_code,icd10_code, description) VALUES (696,'300.01','F41.0','Panic disorder');
INSERT INTO DSM5(dsm5_id,icd9_code,icd10_code, description) VALUES (697,'301','F60.0','Paranoid personality disorder');
INSERT INTO DSM5(dsm5_id,icd9_code,icd10_code, description) VALUES (698,'V61.20','Z62.820','Parent-child relational problem');
INSERT INTO DSM5(dsm5_id,icd9_code,icd10_code, description) VALUES (699,'302.2','F65.4','Pedophilic disorder');
INSERT INTO DSM5(dsm5_id,icd9_code,icd10_code, description) VALUES (700,'307.22','F95.1','Persistent (chronic) motor or vocal tic disorder');
INSERT INTO DSM5(dsm5_id,icd9_code,icd10_code, description) VALUES (701,'300.4','F34.1','Persistent depressive disorder (dysthymia)');
INSERT INTO DSM5(dsm5_id,icd9_code,icd10_code, description) VALUES (702,'V15.42','Z62.812','Personal history (past history) of neglect in childhood');
INSERT INTO DSM5(dsm5_id,icd9_code,icd10_code, description) VALUES (703,'V15.41','Z62.810','Personal history (past history) of physical abuse in childhood');
INSERT INTO DSM5(dsm5_id,icd9_code,icd10_code, description) VALUES (704,'V15.42','Z62.811','Personal history (past history) of psychological abuse in childhood');
INSERT INTO DSM5(dsm5_id,icd9_code,icd10_code, description) VALUES (705,'V15.41','Z62.810','Personal history (past history) of sexual abuse in childhood');
INSERT INTO DSM5(dsm5_id,icd9_code,icd10_code, description) VALUES (706,'V15.42','Z91.412','Personal history (past history) of spouse or partner neglect');
INSERT INTO DSM5(dsm5_id,icd9_code,icd10_code, description) VALUES (707,'V15.42','Z91.411','Personal history (past history) of spouse or partner psychological abuse');
INSERT INTO DSM5(dsm5_id,icd9_code,icd10_code, description) VALUES (708,'V15.41','Z91.410','Personal history (past history) of spouse or partner violence, Physical');
INSERT INTO DSM5(dsm5_id,icd9_code,icd10_code, description) VALUES (709,'V15.41','Z91.410','Personal history (past history) of spouse or partner violence, Sexual');
INSERT INTO DSM5(dsm5_id,icd9_code,icd10_code, description) VALUES (710,'V62.22','Z91.82','Personal history of military deployment');
INSERT INTO DSM5(dsm5_id,icd9_code,icd10_code, description) VALUES (711,'V15.59','Z91.5','Personal history of self-harm');
INSERT INTO DSM5(dsm5_id,icd9_code,icd10_code, description) VALUES (712,'310.1','F07.0','Personality change due to another medical condition');
INSERT INTO DSM5(dsm5_id,icd9_code,icd10_code, description) VALUES (713,'V62.89','Z60.0','Phase of life problem');
INSERT INTO DSM5(dsm5_id,icd9_code,icd10_code, description) VALUES (714,'292.89',NULL,'Phencyclidine intoxication');
INSERT INTO DSM5(dsm5_id,icd9_code,icd10_code, description) VALUES (715,'292.81',NULL,'Phencyclidine intoxication delirium');
INSERT INTO DSM5(dsm5_id,icd9_code,icd10_code, description) VALUES (716,NULL,'F16.121','Phencyclidine intoxication delirium, With mild use disorder');
INSERT INTO DSM5(dsm5_id,icd9_code,icd10_code, description) VALUES (717,NULL,'F16.221','Phencyclidine intoxication delirium, With moderate or severe use disorder');
INSERT INTO DSM5(dsm5_id,icd9_code,icd10_code, description) VALUES (718,NULL,'F16.921','Phencyclidine intoxication delirium, Without use disorder');
INSERT INTO DSM5(dsm5_id,icd9_code,icd10_code, description) VALUES (719,NULL,'F16.129','Phencyclidine intoxication, With mild use disorder');
INSERT INTO DSM5(dsm5_id,icd9_code,icd10_code, description) VALUES (720,NULL,'F16.229','Phencyclidine intoxication, With moderate or severe use disorder');
INSERT INTO DSM5(dsm5_id,icd9_code,icd10_code, description) VALUES (721,NULL,'F16.929','Phencyclidine intoxication, Without use disorder');
INSERT INTO DSM5(dsm5_id,icd9_code,icd10_code, description) VALUES (722,NULL,NULL,'Phencyclidine use disorder');
INSERT INTO DSM5(dsm5_id,icd9_code,icd10_code, description) VALUES (723,'305.9','F16.10','Phencyclidine use disorder, Mild');
INSERT INTO DSM5(dsm5_id,icd9_code,icd10_code, description) VALUES (724,'304.6','F16.20','Phencyclidine use disorder, Moderate');
INSERT INTO DSM5(dsm5_id,icd9_code,icd10_code, description) VALUES (725,'304.6','F16.20','Phencyclidine use disorder, Severe');
INSERT INTO DSM5(dsm5_id,icd9_code,icd10_code, description) VALUES (726,'292.89',NULL,'Phencyclidine-induced anxiety disorder');
INSERT INTO DSM5(dsm5_id,icd9_code,icd10_code, description) VALUES (727,NULL,'F16.180','Phencyclidine-induced anxiety disorder, With mild use disorder');
INSERT INTO DSM5(dsm5_id,icd9_code,icd10_code, description) VALUES (728,NULL,'F16.280','Phencyclidine-induced anxiety disorder, With moderate or severe use disorder');
INSERT INTO DSM5(dsm5_id,icd9_code,icd10_code, description) VALUES (729,NULL,'F16.980','Phencyclidine-induced anxiety disorder, Without use disorder');
INSERT INTO DSM5(dsm5_id,icd9_code,icd10_code, description) VALUES (730,'292.84',NULL,'Phencyclidine-induced bipolar and related disorder');
INSERT INTO DSM5(dsm5_id,icd9_code,icd10_code, description) VALUES (731,NULL,'F16.14','Phencyclidine-induced bipolar and related disorder, With mild use disorder');
INSERT INTO DSM5(dsm5_id,icd9_code,icd10_code, description) VALUES (732,NULL,'F16.24','Phencyclidine-induced bipolar and related disorder, With moderate or severe use disorder');
INSERT INTO DSM5(dsm5_id,icd9_code,icd10_code, description) VALUES (733,NULL,'F16.94','Phencyclidine-induced bipolar and related disorder, Without use disorder');
INSERT INTO DSM5(dsm5_id,icd9_code,icd10_code, description) VALUES (734,'292.84',NULL,'Phencyclidine-induced depressive disorder');
INSERT INTO DSM5(dsm5_id,icd9_code,icd10_code, description) VALUES (735,NULL,'F16.14','Phencyclidine-induced depressive disorder, With mild use disorder');
INSERT INTO DSM5(dsm5_id,icd9_code,icd10_code, description) VALUES (736,NULL,'F16.24','Phencyclidine-induced depressive disorder, With moderate or severe use disorder');
INSERT INTO DSM5(dsm5_id,icd9_code,icd10_code, description) VALUES (737,NULL,'F16.94','Phencyclidine-induced depressive disorder, Without use disorder');
INSERT INTO DSM5(dsm5_id,icd9_code,icd10_code, description) VALUES (738,'292.9',NULL,'Phencyclidine-induced psychotic disorder');
INSERT INTO DSM5(dsm5_id,icd9_code,icd10_code, description) VALUES (739,NULL,'F16.159','Phencyclidine-induced psychotic disorder, With mild use disorder');
INSERT INTO DSM5(dsm5_id,icd9_code,icd10_code, description) VALUES (740,NULL,'F16.259','Phencyclidine-induced psychotic disorder, With moderate or severe use disorder');
INSERT INTO DSM5(dsm5_id,icd9_code,icd10_code, description) VALUES (741,NULL,'F16.959','Phencyclidine-induced psychotic disorder, Without use disorder');
INSERT INTO DSM5(dsm5_id,icd9_code,icd10_code, description) VALUES (742,'307.52',NULL,'Pica');
INSERT INTO DSM5(dsm5_id,icd9_code,icd10_code, description) VALUES (743,NULL,'F50.8','Pica, In adults');
INSERT INTO DSM5(dsm5_id,icd9_code,icd10_code, description) VALUES (744,NULL,'F98.3','Pica, In children');
INSERT INTO DSM5(dsm5_id,icd9_code,icd10_code, description) VALUES (745,'309.81','F43.10','Posttraumatic stress disorder');
INSERT INTO DSM5(dsm5_id,icd9_code,icd10_code, description) VALUES (746,'302.75','F52.4','Premature (early) ejaculation');
INSERT INTO DSM5(dsm5_id,icd9_code,icd10_code, description) VALUES (747,'625.4','N94.3','Premenstrual dysphoric disorder');
INSERT INTO DSM5(dsm5_id,icd9_code,icd10_code, description) VALUES (748,'V62.21','Z56.82','Problem related to current military deployment status');
INSERT INTO DSM5(dsm5_id,icd9_code,icd10_code, description) VALUES (749,'V69.9','Z72.9','Problem related to lifestyle');
INSERT INTO DSM5(dsm5_id,icd9_code,icd10_code, description) VALUES (750,'V60.3','Z60.2','Problem related to living alone');
INSERT INTO DSM5(dsm5_id,icd9_code,icd10_code, description) VALUES (751,'V60.6','Z59.3','Problem related to living in a residential institution');
INSERT INTO DSM5(dsm5_id,icd9_code,icd10_code, description) VALUES (752,'V61.5','Z64.1','Problems related to multiparity');
INSERT INTO DSM5(dsm5_id,icd9_code,icd10_code, description) VALUES (753,'V62.5','Z65.3','Problems related to other legal circumstances');
INSERT INTO DSM5(dsm5_id,icd9_code,icd10_code, description) VALUES (754,'V62.5','Z65.2','Problems related to release from prison');
INSERT INTO DSM5(dsm5_id,icd9_code,icd10_code, description) VALUES (755,'V61.7','Z64.0','Problems related to unwanted pregnancy');
INSERT INTO DSM5(dsm5_id,icd9_code,icd10_code, description) VALUES (756,'307.21','F95.0','Provisional tic disorder');
INSERT INTO DSM5(dsm5_id,icd9_code,icd10_code, description) VALUES (757,'316','F54','Psychological factors affecting other medical conditions');
INSERT INTO DSM5(dsm5_id,icd9_code,icd10_code, description) VALUES (758,NULL,NULL,'Psychotic disorder due to another medical condition');
INSERT INTO DSM5(dsm5_id,icd9_code,icd10_code, description) VALUES (759,'293.81','F06.2','Psychotic disorder due to another medical condition, With delusions');
INSERT INTO DSM5(dsm5_id,icd9_code,icd10_code, description) VALUES (760,'293.82','F06.0','Psychotic disorder due to another medical condition, With hallucinations');
INSERT INTO DSM5(dsm5_id,icd9_code,icd10_code, description) VALUES (761,'312.33','F63.1','Pyromania');
INSERT INTO DSM5(dsm5_id,icd9_code,icd10_code, description) VALUES (762,'327.42','G47.52','Rapid eye movement sleep behavior disorder');
INSERT INTO DSM5(dsm5_id,icd9_code,icd10_code, description) VALUES (763,'313.89','F94.1','Reactive attachment disorder');
INSERT INTO DSM5(dsm5_id,icd9_code,icd10_code, description) VALUES (764,'V61.10','Z63.0','Relationship distress with spouse or intimate partner');
INSERT INTO DSM5(dsm5_id,icd9_code,icd10_code, description) VALUES (765,'V62.89','Z65.8','Religious or spiritual problem');
INSERT INTO DSM5(dsm5_id,icd9_code,icd10_code, description) VALUES (766,'333.94','G25.81','Restless legs syndrome');
INSERT INTO DSM5(dsm5_id,icd9_code,icd10_code, description) VALUES (767,'307.53','F98.21','Rumination disorder');
INSERT INTO DSM5(dsm5_id,icd9_code,icd10_code, description) VALUES (768,NULL,NULL,'Schizoaffective disorder');
INSERT INTO DSM5(dsm5_id,icd9_code,icd10_code, description) VALUES (769,'295.7','F25.0','Schizoaffective disorder, Bipolar type');
INSERT INTO DSM5(dsm5_id,icd9_code,icd10_code, description) VALUES (770,'295.7','F25.1','Schizoaffective disorder, Depressive type');
INSERT INTO DSM5(dsm5_id,icd9_code,icd10_code, description) VALUES (771,'301.2','F60.1','Schizoid personality disorder');
INSERT INTO DSM5(dsm5_id,icd9_code,icd10_code, description) VALUES (772,'295.9','F20.9','Schizophrenia');
INSERT INTO DSM5(dsm5_id,icd9_code,icd10_code, description) VALUES (773,'295.4','F20.81','Schizophreniform disorder');
INSERT INTO DSM5(dsm5_id,icd9_code,icd10_code, description) VALUES (774,'301.22','F21','Schizotypal personality disorder');
INSERT INTO DSM5(dsm5_id,icd9_code,icd10_code, description) VALUES (775,'292.89',NULL,'Sedative, hypnotic, or anxiolytic intoxication');
INSERT INTO DSM5(dsm5_id,icd9_code,icd10_code, description) VALUES (776,'292.81',NULL,'Sedative, hypnotic, or anxiolytic intoxication delirium');
INSERT INTO DSM5(dsm5_id,icd9_code,icd10_code, description) VALUES (777,NULL,'F13.121','Sedative, hypnotic, or anxiolytic intoxication delirium, With mild use disorder');
INSERT INTO DSM5(dsm5_id,icd9_code,icd10_code, description) VALUES (778,NULL,'F13.221','Sedative, hypnotic, or anxiolytic intoxication delirium, With moderate or severe use disorder');
INSERT INTO DSM5(dsm5_id,icd9_code,icd10_code, description) VALUES (779,NULL,'F13.921','Sedative, hypnotic, or anxiolytic intoxication delirium, Without use disorder');
INSERT INTO DSM5(dsm5_id,icd9_code,icd10_code, description) VALUES (780,NULL,'F13.129','Sedative, hypnotic, or anxiolytic intoxication, With mild use disorder');
INSERT INTO DSM5(dsm5_id,icd9_code,icd10_code, description) VALUES (781,NULL,'F13.229','Sedative, hypnotic, or anxiolytic intoxication, With moderate or severe use disorder');
INSERT INTO DSM5(dsm5_id,icd9_code,icd10_code, description) VALUES (782,NULL,'F13.929','Sedative, hypnotic, or anxiolytic intoxication, Without use disorder');
INSERT INTO DSM5(dsm5_id,icd9_code,icd10_code, description) VALUES (783,NULL,NULL,'Sedative, hypnotic, or anxiolytic use disorder');
INSERT INTO DSM5(dsm5_id,icd9_code,icd10_code, description) VALUES (784,'305.4','F13.10','Sedative, hypnotic, or anxiolytic use disorder, Mild');
INSERT INTO DSM5(dsm5_id,icd9_code,icd10_code, description) VALUES (785,'304.1','F13.20','Sedative, hypnotic, or anxiolytic use disorder, Moderate');
INSERT INTO DSM5(dsm5_id,icd9_code,icd10_code, description) VALUES (786,'304.1','F13.20','Sedative, hypnotic, or anxiolytic use disorder, Severe');
INSERT INTO DSM5(dsm5_id,icd9_code,icd10_code, description) VALUES (787,'292',NULL,'Sedative, hypnotic, or anxiolytic withdrawal');
INSERT INTO DSM5(dsm5_id,icd9_code,icd10_code, description) VALUES (788,'292','F13.231','Sedative, hypnotic, or anxiolytic withdrawal delirium');
INSERT INTO DSM5(dsm5_id,icd9_code,icd10_code, description) VALUES (789,NULL,'F13.232','Sedative, hypnotic, or anxiolytic withdrawal, With perceptual disturbances');
INSERT INTO DSM5(dsm5_id,icd9_code,icd10_code, description) VALUES (790,NULL,'F13.239','Sedative, hypnotic, or anxiolytic withdrawal, Without perceptual disturbances');
INSERT INTO DSM5(dsm5_id,icd9_code,icd10_code, description) VALUES (791,'292.89',NULL,'Sedative-, hypnotic-, or anxiolytic-induced anxiety disorder');
INSERT INTO DSM5(dsm5_id,icd9_code,icd10_code, description) VALUES (792,NULL,'F13.180','Sedative-, hypnotic-, or anxiolytic-induced anxiety disorder, With mild use disorder');
INSERT INTO DSM5(dsm5_id,icd9_code,icd10_code, description) VALUES (793,NULL,'F13.280','Sedative-, hypnotic-, or anxiolytic-induced anxiety disorder, With moderate or severe use disorder');
INSERT INTO DSM5(dsm5_id,icd9_code,icd10_code, description) VALUES (794,NULL,'F13.980','Sedative-, hypnotic-, or anxiolytic-induced anxiety disorder, Without use disorder');
INSERT INTO DSM5(dsm5_id,icd9_code,icd10_code, description) VALUES (795,'292.84',NULL,'Sedative-, hypnotic-, or anxiolytic-induced bipolar and related disorder');
INSERT INTO DSM5(dsm5_id,icd9_code,icd10_code, description) VALUES (796,NULL,'F13.14','Sedative-, hypnotic-, or anxiolytic-induced bipolar and related disorder, With mild use disorder');
INSERT INTO DSM5(dsm5_id,icd9_code,icd10_code, description) VALUES (797,NULL,'F13.24','Sedative-, hypnotic-, or anxiolytic-induced bipolar and related disorder, With moderate or severe use disorder');
INSERT INTO DSM5(dsm5_id,icd9_code,icd10_code, description) VALUES (798,NULL,'F13.94','Sedative-, hypnotic-, or anxiolytic-induced bipolar and related disorder, Without use disorder');
INSERT INTO DSM5(dsm5_id,icd9_code,icd10_code, description) VALUES (799,NULL,'F13.921','Sedative-, hypnotic-, or anxiolytic-induced delirium');
INSERT INTO DSM5(dsm5_id,icd9_code,icd10_code, description) VALUES (800,'292.84',NULL,'Sedative-, hypnotic-, or anxiolytic-induced depressive disorder');
INSERT INTO DSM5(dsm5_id,icd9_code,icd10_code, description) VALUES (801,NULL,'F13.14','Sedative-, hypnotic-, or anxiolytic-induced depressive disorder, With mild use disorder');
INSERT INTO DSM5(dsm5_id,icd9_code,icd10_code, description) VALUES (802,NULL,'F13.24','Sedative-, hypnotic-, or anxiolytic-induced depressive disorder, With moderate or severe use disorder');
INSERT INTO DSM5(dsm5_id,icd9_code,icd10_code, description) VALUES (803,NULL,'F13.94','Sedative-, hypnotic-, or anxiolytic-induced depressive disorder, Without use disorder');
INSERT INTO DSM5(dsm5_id,icd9_code,icd10_code, description) VALUES (804,'292.82',NULL,'Sedative-, hypnotic-, or anxiolytic-induced major neurocognitive disorder');
INSERT INTO DSM5(dsm5_id,icd9_code,icd10_code, description) VALUES (805,NULL,'F13.27','Sedative-, hypnotic-, or anxiolytic-induced major neurocognitive disorder, With moderate or severe use disorder');
INSERT INTO DSM5(dsm5_id,icd9_code,icd10_code, description) VALUES (806,NULL,'F13.97','Sedative-, hypnotic-, or anxiolytic-induced major neurocognitive disorder, Without use disorder');
INSERT INTO DSM5(dsm5_id,icd9_code,icd10_code, description) VALUES (807,'292.89',NULL,'Sedative-, hypnotic-, or anxiolytic-induced mild neurocognitive disorder');
INSERT INTO DSM5(dsm5_id,icd9_code,icd10_code, description) VALUES (808,NULL,'F13.288','Sedative-, hypnotic-, or anxiolytic-induced mild neurocognitive disorder, With moderate or severe use disorder');
INSERT INTO DSM5(dsm5_id,icd9_code,icd10_code, description) VALUES (809,NULL,'F13.988','Sedative-, hypnotic-, or anxiolytic-induced mild neurocognitive disorder, Without use disorder');
INSERT INTO DSM5(dsm5_id,icd9_code,icd10_code, description) VALUES (810,'292.9',NULL,'Sedative-, hypnotic-, or anxiolytic-induced psychotic disorder');
INSERT INTO DSM5(dsm5_id,icd9_code,icd10_code, description) VALUES (811,NULL,'F13.159','Sedative-, hypnotic-, or anxiolytic-induced psychotic disorder, With mild use disorder');
INSERT INTO DSM5(dsm5_id,icd9_code,icd10_code, description) VALUES (812,NULL,'F13.259','Sedative-, hypnotic-, or anxiolytic-induced psychotic disorder, With moderate or severe use disorder');
INSERT INTO DSM5(dsm5_id,icd9_code,icd10_code, description) VALUES (813,NULL,'F13.959','Sedative-, hypnotic-, or anxiolytic-induced psychotic disorder, Without use disorder');
INSERT INTO DSM5(dsm5_id,icd9_code,icd10_code, description) VALUES (814,'292.89',NULL,'Sedative-, hypnotic-, or anxiolytic-induced sexual dysfunction');
INSERT INTO DSM5(dsm5_id,icd9_code,icd10_code, description) VALUES (815,NULL,'F13.181','Sedative-, hypnotic-, or anxiolytic-induced sexual dysfunction, With mild use disorder');
INSERT INTO DSM5(dsm5_id,icd9_code,icd10_code, description) VALUES (816,NULL,'F13.281','Sedative-, hypnotic-, or anxiolytic-induced sexual dysfunction, With moderate or severe use disorder');
INSERT INTO DSM5(dsm5_id,icd9_code,icd10_code, description) VALUES (817,NULL,'F13.981','Sedative-, hypnotic-, or anxiolytic-induced sexual dysfunction, Without use disorder');
INSERT INTO DSM5(dsm5_id,icd9_code,icd10_code, description) VALUES (818,'292.85',NULL,'Sedative-, hypnotic-, or anxiolytic-induced sleep disorder');
INSERT INTO DSM5(dsm5_id,icd9_code,icd10_code, description) VALUES (819,NULL,'F13.182','Sedative-, hypnotic-, or anxiolytic-induced sleep disorder, With mild use disorder');
INSERT INTO DSM5(dsm5_id,icd9_code,icd10_code, description) VALUES (820,NULL,'F13.282','Sedative-, hypnotic-, or anxiolytic-induced sleep disorder, With moderate or severe use disorder');
INSERT INTO DSM5(dsm5_id,icd9_code,icd10_code, description) VALUES (821,NULL,'F13.982','Sedative-, hypnotic-, or anxiolytic-induced sleep disorder, Without use disorder');
INSERT INTO DSM5(dsm5_id,icd9_code,icd10_code, description) VALUES (822,'313.23','F94.0','Selective mutism');
INSERT INTO DSM5(dsm5_id,icd9_code,icd10_code, description) VALUES (823,'309.21','F93.0','Separation anxiety disorder');
INSERT INTO DSM5(dsm5_id,icd9_code,icd10_code, description) VALUES (824,'V65.49','Z70.9','Sex counseling');
INSERT INTO DSM5(dsm5_id,icd9_code,icd10_code, description) VALUES (825,'302.83','F65.51','Sexual masochism disorder');
INSERT INTO DSM5(dsm5_id,icd9_code,icd10_code, description) VALUES (826,'302.84','F65.52','Sexual sadism disorder');
INSERT INTO DSM5(dsm5_id,icd9_code,icd10_code, description) VALUES (827,'V61.8','Z62.891','Sibling relational problem');
INSERT INTO DSM5(dsm5_id,icd9_code,icd10_code, description) VALUES (828,NULL,NULL,'Sleep-related hypoventilation');
INSERT INTO DSM5(dsm5_id,icd9_code,icd10_code, description) VALUES (829,'315.39','F80.89','Social (pragmatic) communication disorder');
INSERT INTO DSM5(dsm5_id,icd9_code,icd10_code, description) VALUES (830,'300.23','F40.10','Social anxiety disorder (social phobia)');
INSERT INTO DSM5(dsm5_id,icd9_code,icd10_code, description) VALUES (831,'V62.4','Z60.4','Social exclusion or rejection');
INSERT INTO DSM5(dsm5_id,icd9_code,icd10_code, description) VALUES (832,'300.82','F45.1','Somatic symptom disorder');
INSERT INTO DSM5(dsm5_id,icd9_code,icd10_code, description) VALUES (833,NULL,NULL,'Specific learning disorder');
INSERT INTO DSM5(dsm5_id,icd9_code,icd10_code, description) VALUES (834,'315.1','F81.2','Specific learning disorder, With impairment in mathematics');
INSERT INTO DSM5(dsm5_id,icd9_code,icd10_code, description) VALUES (835,'315','F81.0','Specific learning disorder, With impairment in reading');
INSERT INTO DSM5(dsm5_id,icd9_code,icd10_code, description) VALUES (836,'315.2','F81.81','Specific learning disorder, With impairment in written expression');
INSERT INTO DSM5(dsm5_id,icd9_code,icd10_code, description) VALUES (837,NULL,NULL,'Specific phobia');
INSERT INTO DSM5(dsm5_id,icd9_code,icd10_code, description) VALUES (838,'300.29','F40.218','Specific phobia, Animal');
INSERT INTO DSM5(dsm5_id,icd9_code,icd10_code, description) VALUES (839,'300.29',NULL,'Specific phobia, Blood-injection-injury');
INSERT INTO DSM5(dsm5_id,icd9_code,icd10_code, description) VALUES (840,NULL,'F40.230','Specific phobia, Fear of blood');
INSERT INTO DSM5(dsm5_id,icd9_code,icd10_code, description) VALUES (841,NULL,'F40.231','Specific phobia, Fear of injections and transfusions');
INSERT INTO DSM5(dsm5_id,icd9_code,icd10_code, description) VALUES (842,NULL,'F40.233','Specific phobia, Fear of injury');
INSERT INTO DSM5(dsm5_id,icd9_code,icd10_code, description) VALUES (843,NULL,'F40.232','Specific phobia, Fear of other medical care');
INSERT INTO DSM5(dsm5_id,icd9_code,icd10_code, description) VALUES (844,'300.29','F40.228','Specific phobia, Natural environment');
INSERT INTO DSM5(dsm5_id,icd9_code,icd10_code, description) VALUES (845,'300.29','F40.298','Specific phobia, Other');
INSERT INTO DSM5(dsm5_id,icd9_code,icd10_code, description) VALUES (846,'300.29','F40.248','Specific phobia, Situational');
INSERT INTO DSM5(dsm5_id,icd9_code,icd10_code, description) VALUES (847,'315.39','F80.0','Speech sound disorder');
INSERT INTO DSM5(dsm5_id,icd9_code,icd10_code, description) VALUES (848,NULL,NULL,'Spouse or partner abuse, Psychological, Confirmed');
INSERT INTO DSM5(dsm5_id,icd9_code,icd10_code, description) VALUES (849,'995.82','T74.31XA','Spouse or partner abuse, Psychological, Confirmed, Initial encounter');
INSERT INTO DSM5(dsm5_id,icd9_code,icd10_code, description) VALUES (850,'995.82','T74.31XD','Spouse or partner abuse, Psychological, Confirmed, Subsequent encounter');
INSERT INTO DSM5(dsm5_id,icd9_code,icd10_code, description) VALUES (851,NULL,NULL,'Spouse or partner abuse, Psychological, Suspected');
INSERT INTO DSM5(dsm5_id,icd9_code,icd10_code, description) VALUES (852,'995.82','T76.31XA','Spouse or partner abuse, Psychological, Suspected, Initial encounter');
INSERT INTO DSM5(dsm5_id,icd9_code,icd10_code, description) VALUES (853,'995.82','T76.31XD','Spouse or partner abuse, Psychological, Suspected, Subsequent encounter');
INSERT INTO DSM5(dsm5_id,icd9_code,icd10_code, description) VALUES (854,NULL,NULL,'Spouse or partner neglect, Confirmed');
INSERT INTO DSM5(dsm5_id,icd9_code,icd10_code, description) VALUES (855,'995.85','T74.01XA','Spouse or partner neglect, Confirmed, Initial encounter');
INSERT INTO DSM5(dsm5_id,icd9_code,icd10_code, description) VALUES (856,'995.85','T74.01XD','Spouse or partner neglect, Confirmed, Subsequent encounter');
INSERT INTO DSM5(dsm5_id,icd9_code,icd10_code, description) VALUES (857,NULL,NULL,'Spouse or partner neglect, Suspected');
INSERT INTO DSM5(dsm5_id,icd9_code,icd10_code, description) VALUES (858,'995.85','T76.01XA','Spouse or partner neglect, Suspected, Initial encounter');
INSERT INTO DSM5(dsm5_id,icd9_code,icd10_code, description) VALUES (859,'995.85','T76.01XD','Spouse or partner neglect, Suspected, Subsequent encounter');
INSERT INTO DSM5(dsm5_id,icd9_code,icd10_code, description) VALUES (860,NULL,NULL,'Spouse or partner violence, Physical, Confirmed');
INSERT INTO DSM5(dsm5_id,icd9_code,icd10_code, description) VALUES (861,'995.81','T74.11XA','Spouse or partner violence, Physical, Confirmed, Initial encounter');
INSERT INTO DSM5(dsm5_id,icd9_code,icd10_code, description) VALUES (862,'995.81','T74.11XD','Spouse or partner violence, Physical, Confirmed, Subsequent encounter');
INSERT INTO DSM5(dsm5_id,icd9_code,icd10_code, description) VALUES (863,NULL,NULL,'Spouse or partner Violence, Physical, Suspected');
INSERT INTO DSM5(dsm5_id,icd9_code,icd10_code, description) VALUES (864,'995.81','T76.11XA','Spouse or partner Violence, Physical, Suspected, Initial encounter');
INSERT INTO DSM5(dsm5_id,icd9_code,icd10_code, description) VALUES (865,'995.81','T76.11XD','Spouse or partner Violence, Physical, Suspected, Subsequent encounter');
INSERT INTO DSM5(dsm5_id,icd9_code,icd10_code, description) VALUES (866,NULL,NULL,'Spouse or partner Violence, Sexual, Confirmed');
INSERT INTO DSM5(dsm5_id,icd9_code,icd10_code, description) VALUES (867,'995.83','T74.21XA','Spouse or partner Violence, Sexual, Confirmed, Initial encounter');
INSERT INTO DSM5(dsm5_id,icd9_code,icd10_code, description) VALUES (868,'995.83','T74.21XD','Spouse or partner Violence, Sexual, Confirmed, Subsequent encounter');
INSERT INTO DSM5(dsm5_id,icd9_code,icd10_code, description) VALUES (869,NULL,NULL,'Spouse or partner Violence, Sexual, Suspected');
INSERT INTO DSM5(dsm5_id,icd9_code,icd10_code, description) VALUES (870,'995.83','T76.21XA','Spouse or partner Violence, Sexual, Suspected, Initial encounter');
INSERT INTO DSM5(dsm5_id,icd9_code,icd10_code, description) VALUES (871,'995.83','T76.21XD','Spouse or partner Violence, Sexual, Suspected, Subsequent encounter');
INSERT INTO DSM5(dsm5_id,icd9_code,icd10_code, description) VALUES (872,'307.3','F98.4','Stereotypic movement disorder');
INSERT INTO DSM5(dsm5_id,icd9_code,icd10_code, description) VALUES (873,'see specific substances','see specific substances','Stimulant intoxication');
INSERT INTO DSM5(dsm5_id,icd9_code,icd10_code, description) VALUES (874,'see specific substances','see specific substances','Stimulant use disorder');
INSERT INTO DSM5(dsm5_id,icd9_code,icd10_code, description) VALUES (875,'see specific substances','see specific substances','Stimulant withdrawal');
INSERT INTO DSM5(dsm5_id,icd9_code,icd10_code, description) VALUES (876,'see specific substances','see specific substances','Substance intoxication delirium');
INSERT INTO DSM5(dsm5_id,icd9_code,icd10_code, description) VALUES (877,'see specific substances','see specific substances','Substance intoxication delirium');
INSERT INTO DSM5(dsm5_id,icd9_code,icd10_code, description) VALUES (878,'see specific substances','see specific substances','Substance withdrawal delirium');
INSERT INTO DSM5(dsm5_id,icd9_code,icd10_code, description) VALUES (879,'see specific substances','see specific substances','Substance withdrawal delirium');
INSERT INTO DSM5(dsm5_id,icd9_code,icd10_code, description) VALUES (880,'see specific substances','see specific substances','Substance/medication-induced anxiety disorder');
INSERT INTO DSM5(dsm5_id,icd9_code,icd10_code, description) VALUES (881,'see specific substances','see specific substances','Substance/medication-induced bipolar and related disorder');
INSERT INTO DSM5(dsm5_id,icd9_code,icd10_code, description) VALUES (882,'see specific substances','see specific substances','Substance/medication-induced depressive disorder');
INSERT INTO DSM5(dsm5_id,icd9_code,icd10_code, description) VALUES (883,'see specific substances','see specific substances','Substance/medication-induced major or mild neurocognitive disorder');
INSERT INTO DSM5(dsm5_id,icd9_code,icd10_code, description) VALUES (884,'see specific substances','see specific substances','Substance/medication-induced obsessive-compulsive and related disorder');
INSERT INTO DSM5(dsm5_id,icd9_code,icd10_code, description) VALUES (885,'see specific substances','see specific substances','Substance/medication-induced psychotic disorder');
INSERT INTO DSM5(dsm5_id,icd9_code,icd10_code, description) VALUES (886,'see specific substances','see specific substances','Substance/medication-induced sexual dysfunction');
INSERT INTO DSM5(dsm5_id,icd9_code,icd10_code, description) VALUES (887,'see specific substances','see specific substances','Substance/medication-induced sleep disorder');
INSERT INTO DSM5(dsm5_id,icd9_code,icd10_code, description) VALUES (888,'333.99','G25.71','Tardive akathisia');
INSERT INTO DSM5(dsm5_id,icd9_code,icd10_code, description) VALUES (889,'333.85','G24.01','Tardive dyskinesia');
INSERT INTO DSM5(dsm5_id,icd9_code,icd10_code, description) VALUES (890,'333.72','G24.09','Tardive dystonia');
INSERT INTO DSM5(dsm5_id,icd9_code,icd10_code, description) VALUES (891,'V62.4','Z60.5','Target of (perceived) adverse discrimination or persecution');
INSERT INTO DSM5(dsm5_id,icd9_code,icd10_code, description) VALUES (892,NULL,NULL,'Tobacco use disorder');
INSERT INTO DSM5(dsm5_id,icd9_code,icd10_code, description) VALUES (893,'305.1','Z72.0','Tobacco use disorder, Mild');
INSERT INTO DSM5(dsm5_id,icd9_code,icd10_code, description) VALUES (894,'305.1','F17.200','Tobacco use disorder, Moderate');
INSERT INTO DSM5(dsm5_id,icd9_code,icd10_code, description) VALUES (895,'305.1','F17.200','Tobacco use disorder, Severe');
INSERT INTO DSM5(dsm5_id,icd9_code,icd10_code, description) VALUES (896,'292','F17.203','Tobacco withdrawal');
INSERT INTO DSM5(dsm5_id,icd9_code,icd10_code, description) VALUES (897,'292.85',NULL,'Tobacco-induced sleep disorder');
INSERT INTO DSM5(dsm5_id,icd9_code,icd10_code, description) VALUES (898,NULL,'F17.208','Tobacco-induced sleep disorder, With moderate or severe use disorder');
INSERT INTO DSM5(dsm5_id,icd9_code,icd10_code, description) VALUES (899,'307.23','F95.2','Tourette''s disorder');
INSERT INTO DSM5(dsm5_id,icd9_code,icd10_code, description) VALUES (900,'302.3','F65.1','Transvestic disorder');
INSERT INTO DSM5(dsm5_id,icd9_code,icd10_code, description) VALUES (901,'312.39','F63.3','Trichotillomania (hair-pulling disorder)');
INSERT INTO DSM5(dsm5_id,icd9_code,icd10_code, description) VALUES (902,'V63.9','Z75.3','Unavailability or inaccessibility of health care facilities');
INSERT INTO DSM5(dsm5_id,icd9_code,icd10_code, description) VALUES (903,'V63.8','Z75.4','Unavailability or inaccessibility of other helping agencies');
INSERT INTO DSM5(dsm5_id,icd9_code,icd10_code, description) VALUES (904,'V62.82','Z63.4','Uncomplicated bereavement');
INSERT INTO DSM5(dsm5_id,icd9_code,icd10_code, description) VALUES (905,'291.9','F10.99','Unspecified alcohol-related disorder');
INSERT INTO DSM5(dsm5_id,icd9_code,icd10_code, description) VALUES (906,NULL,'F15.99','Unspecified amphetamine or other stimulant-related disorder');
INSERT INTO DSM5(dsm5_id,icd9_code,icd10_code, description) VALUES (907,'300','F41.9','Unspecified anxiety disorder');
INSERT INTO DSM5(dsm5_id,icd9_code,icd10_code, description) VALUES (908,'314.01','F90.9','Unspecified attention-deficit/hyperactivity disorder');
INSERT INTO DSM5(dsm5_id,icd9_code,icd10_code, description) VALUES (909,'296.8','F31.9','Unspecified bipolar and related disorder');
INSERT INTO DSM5(dsm5_id,icd9_code,icd10_code, description) VALUES (910,'292.9','F15.99','Unspecified caffeine-related disorder');
INSERT INTO DSM5(dsm5_id,icd9_code,icd10_code, description) VALUES (911,'292.9','F12.99','Unspecified cannabis-related disorder');
INSERT INTO DSM5(dsm5_id,icd9_code,icd10_code, description) VALUES (912,'[781.99 +] 293.89','[R29.818 +] F06.1','[Other symptoms involving nervous and musculoskeletal systems +] Unspecified catatonia');
INSERT INTO DSM5(dsm5_id,icd9_code,icd10_code, description) VALUES (913,NULL,'F14.99','Unspecified cocaine-related disorder');
INSERT INTO DSM5(dsm5_id,icd9_code,icd10_code, description) VALUES (914,'307.9','F80.9','Unspecified communication disorder');
INSERT INTO DSM5(dsm5_id,icd9_code,icd10_code, description) VALUES (915,'780.09','R41.0','Unspecified delirium');
INSERT INTO DSM5(dsm5_id,icd9_code,icd10_code, description) VALUES (916,'311','F32.9','Unspecified depressive disorder');
INSERT INTO DSM5(dsm5_id,icd9_code,icd10_code, description) VALUES (917,'312.9','F91.9','Unspecified disruptive, impulse-control, and conduct disorder');
INSERT INTO DSM5(dsm5_id,icd9_code,icd10_code, description) VALUES (918,'300.15','F44.9','Unspecified dissociative disorder');
INSERT INTO DSM5(dsm5_id,icd9_code,icd10_code, description) VALUES (919,NULL,NULL,'Unspecified elimination disorder');
INSERT INTO DSM5(dsm5_id,icd9_code,icd10_code, description) VALUES (920,'787.6','R15.9','Unspecified elimination disorder, With fecal symptoms');
INSERT INTO DSM5(dsm5_id,icd9_code,icd10_code, description) VALUES (921,'788.3','R32','Unspecified elimination disorder, With urinary symptoms');
INSERT INTO DSM5(dsm5_id,icd9_code,icd10_code, description) VALUES (922,'307.5','F50.9','Unspecified feeding or eating disorder');
INSERT INTO DSM5(dsm5_id,icd9_code,icd10_code, description) VALUES (923,'302.6','F64.9','Unspecified gender dysphoria');
INSERT INTO DSM5(dsm5_id,icd9_code,icd10_code, description) VALUES (924,'292.9','F16.99','Unspecified hallucinogen-related disorder');
INSERT INTO DSM5(dsm5_id,icd9_code,icd10_code, description) VALUES (925,'V60.9','Z59.9','Unspecified housing or economic problem');
INSERT INTO DSM5(dsm5_id,icd9_code,icd10_code, description) VALUES (926,'780.54','G47.10','Unspecified hypersomnolence disorder');
INSERT INTO DSM5(dsm5_id,icd9_code,icd10_code, description) VALUES (927,'292.9','F18.99','Unspecified inhalant-related disorder');
INSERT INTO DSM5(dsm5_id,icd9_code,icd10_code, description) VALUES (928,'780.52','G47.00','Unspecified insomnia disorder');
INSERT INTO DSM5(dsm5_id,icd9_code,icd10_code, description) VALUES (929,'319','F79','Unspecified intellectual disability (intellectual developmental disorder)');
INSERT INTO DSM5(dsm5_id,icd9_code,icd10_code, description) VALUES (930,'300.9','F99','Unspecified mental disorder');
INSERT INTO DSM5(dsm5_id,icd9_code,icd10_code, description) VALUES (931,'294.9','F09','Unspecified mental disorder due to another medical condition');
INSERT INTO DSM5(dsm5_id,icd9_code,icd10_code, description) VALUES (932,'799.59','R41.9','Unspecified neurocognitive disorder');
INSERT INTO DSM5(dsm5_id,icd9_code,icd10_code, description) VALUES (933,'315.9','F89','Unspecified neurodevelopmental disorder');
INSERT INTO DSM5(dsm5_id,icd9_code,icd10_code, description) VALUES (934,'300.3','F42','Unspecified obsessive-compulsive and related disorder');
INSERT INTO DSM5(dsm5_id,icd9_code,icd10_code, description) VALUES (935,'292.9','F11.99','Unspecified opioid-related disorder');
INSERT INTO DSM5(dsm5_id,icd9_code,icd10_code, description) VALUES (936,'292.9','F19.99','Unspecified other (or unknown) substance-related disorder');
INSERT INTO DSM5(dsm5_id,icd9_code,icd10_code, description) VALUES (937,'302.9','F65.9','Unspecified paraphilic disorder');
INSERT INTO DSM5(dsm5_id,icd9_code,icd10_code, description) VALUES (938,'301.9','F60.9','Unspecified personality disorder');
INSERT INTO DSM5(dsm5_id,icd9_code,icd10_code, description) VALUES (939,'292.9','F16.99','Unspecified phencyclidine-related disorder');
INSERT INTO DSM5(dsm5_id,icd9_code,icd10_code, description) VALUES (940,'V62.9','Z60.9','Unspecified problem related to social environment');
INSERT INTO DSM5(dsm5_id,icd9_code,icd10_code, description) VALUES (941,'V62.9','Z65.9','Unspecified problem related to unspecified psychosocial circumstances');
INSERT INTO DSM5(dsm5_id,icd9_code,icd10_code, description) VALUES (942,'298.9','F29','Unspecified schizophrenia spectrum and other psychotic disorder');
INSERT INTO DSM5(dsm5_id,icd9_code,icd10_code, description) VALUES (943,'292.9','F13.99','Unspecified sedative-, hypnotic-, or anxiolytic-related disorder');
INSERT INTO DSM5(dsm5_id,icd9_code,icd10_code, description) VALUES (944,'302.7','F52.9','Unspecified sexual dysfunction');
INSERT INTO DSM5(dsm5_id,icd9_code,icd10_code, description) VALUES (945,'780.59','G47.9','Unspecified sleep-wake disorder');
INSERT INTO DSM5(dsm5_id,icd9_code,icd10_code, description) VALUES (946,'300.82','F45.9','Unspecified somatic symptom and related disorder');
INSERT INTO DSM5(dsm5_id,icd9_code,icd10_code, description) VALUES (947,'292.9',NULL,'Unspecified stimulant-related disorder');
INSERT INTO DSM5(dsm5_id,icd9_code,icd10_code, description) VALUES (948,'307.2','F95.9','Unspecified tic disorder');
INSERT INTO DSM5(dsm5_id,icd9_code,icd10_code, description) VALUES (949,'292.9','F17.209','Unspecified tobacco-related disorder');
INSERT INTO DSM5(dsm5_id,icd9_code,icd10_code, description) VALUES (950,'309.9','F43.9','Unspecified trauma- and stressor-related disorder');
INSERT INTO DSM5(dsm5_id,icd9_code,icd10_code, description) VALUES (951,'V61.8','Z62.29','Upbringing away from parents');
INSERT INTO DSM5(dsm5_id,icd9_code,icd10_code, description) VALUES (952,'V62.89','Z65.4','Victim of crime');
INSERT INTO DSM5(dsm5_id,icd9_code,icd10_code, description) VALUES (953,'V62.89','Z65.4','Victim of terrorism or torture');
INSERT INTO DSM5(dsm5_id,icd9_code,icd10_code, description) VALUES (954,'302.82','F65.3','Voyeuristic disorder');
INSERT INTO DSM5(dsm5_id,icd9_code,icd10_code, description) VALUES (955,'V40.31','Z91.83','Wandering associated with a mental disorder');

INSERT INTO TestResultAnswer(test_result_id, question_id, val) VALUES (1,1,0);
INSERT INTO TestResultAnswer(test_result_id, question_id, val) VALUES (1,2,2);
INSERT INTO TestResultAnswer(test_result_id, question_id, val) VALUES (1,3,3);
INSERT INTO TestResultAnswer(test_result_id, question_id, val) VALUES (1,4,4);
INSERT INTO TestResultAnswer(test_result_id, question_id, val) VALUES (1,5,4);
INSERT INTO TestResultAnswer(test_result_id, question_id, val) VALUES (1,6,1);
INSERT INTO TestResultAnswer(test_result_id, question_id, val) VALUES (1,7,0);
INSERT INTO TestResultAnswer(test_result_id, question_id, val) VALUES (1,8,4);
INSERT INTO TestResultAnswer(test_result_id, question_id, val) VALUES (1,9,1);
INSERT INTO TestResultAnswer(test_result_id, question_id, val) VALUES (1,10,0);
INSERT INTO TestResultAnswer(test_result_id, question_id, val) VALUES (1,11,3);
INSERT INTO TestResultAnswer(test_result_id, question_id, val) VALUES (1,12,4);
INSERT INTO TestResultAnswer(test_result_id, question_id, val) VALUES (1,13,2);
INSERT INTO TestResultAnswer(test_result_id, question_id, val) VALUES (1,14,0);
INSERT INTO TestResultAnswer(test_result_id, question_id, val) VALUES (2,1,1);
INSERT INTO TestResultAnswer(test_result_id, question_id, val) VALUES (2,2,1);
INSERT INTO TestResultAnswer(test_result_id, question_id, val) VALUES (2,3,1);
INSERT INTO TestResultAnswer(test_result_id, question_id, val) VALUES (2,4,4);
INSERT INTO TestResultAnswer(test_result_id, question_id, val) VALUES (2,5,3);
INSERT INTO TestResultAnswer(test_result_id, question_id, val) VALUES (2,6,0);
INSERT INTO TestResultAnswer(test_result_id, question_id, val) VALUES (2,7,4);
INSERT INTO TestResultAnswer(test_result_id, question_id, val) VALUES (2,8,0);
INSERT INTO TestResultAnswer(test_result_id, question_id, val) VALUES (2,9,4);
INSERT INTO TestResultAnswer(test_result_id, question_id, val) VALUES (2,10,3);
INSERT INTO TestResultAnswer(test_result_id, question_id, val) VALUES (2,11,3);
INSERT INTO TestResultAnswer(test_result_id, question_id, val) VALUES (2,12,1);
INSERT INTO TestResultAnswer(test_result_id, question_id, val) VALUES (2,13,2);
INSERT INTO TestResultAnswer(test_result_id, question_id, val) VALUES (2,14,1);
INSERT INTO TestResultAnswer(test_result_id, question_id, val) VALUES (3,1,3);
INSERT INTO TestResultAnswer(test_result_id, question_id, val) VALUES (3,2,1);
INSERT INTO TestResultAnswer(test_result_id, question_id, val) VALUES (3,3,1);
INSERT INTO TestResultAnswer(test_result_id, question_id, val) VALUES (3,4,3);
INSERT INTO TestResultAnswer(test_result_id, question_id, val) VALUES (3,5,4);
INSERT INTO TestResultAnswer(test_result_id, question_id, val) VALUES (3,6,0);
INSERT INTO TestResultAnswer(test_result_id, question_id, val) VALUES (3,7,0);
INSERT INTO TestResultAnswer(test_result_id, question_id, val) VALUES (3,8,4);
INSERT INTO TestResultAnswer(test_result_id, question_id, val) VALUES (3,9,0);
INSERT INTO TestResultAnswer(test_result_id, question_id, val) VALUES (3,10,3);
INSERT INTO TestResultAnswer(test_result_id, question_id, val) VALUES (3,11,1);
INSERT INTO TestResultAnswer(test_result_id, question_id, val) VALUES (3,12,1);
INSERT INTO TestResultAnswer(test_result_id, question_id, val) VALUES (3,13,3);
INSERT INTO TestResultAnswer(test_result_id, question_id, val) VALUES (3,14,1);
INSERT INTO TestResultAnswer(test_result_id, question_id, val) VALUES (4,1,1);
INSERT INTO TestResultAnswer(test_result_id, question_id, val) VALUES (4,2,4);
INSERT INTO TestResultAnswer(test_result_id, question_id, val) VALUES (4,3,2);
INSERT INTO TestResultAnswer(test_result_id, question_id, val) VALUES (4,4,4);
INSERT INTO TestResultAnswer(test_result_id, question_id, val) VALUES (4,5,3);
INSERT INTO TestResultAnswer(test_result_id, question_id, val) VALUES (4,6,4);
INSERT INTO TestResultAnswer(test_result_id, question_id, val) VALUES (4,7,4);
INSERT INTO TestResultAnswer(test_result_id, question_id, val) VALUES (4,8,0);
INSERT INTO TestResultAnswer(test_result_id, question_id, val) VALUES (4,9,0);
INSERT INTO TestResultAnswer(test_result_id, question_id, val) VALUES (4,10,2);
INSERT INTO TestResultAnswer(test_result_id, question_id, val) VALUES (4,11,1);
INSERT INTO TestResultAnswer(test_result_id, question_id, val) VALUES (4,12,3);
INSERT INTO TestResultAnswer(test_result_id, question_id, val) VALUES (4,13,2);
INSERT INTO TestResultAnswer(test_result_id, question_id, val) VALUES (4,14,2);
INSERT INTO TestResultAnswer(test_result_id, question_id, val) VALUES (5,1,3);
INSERT INTO TestResultAnswer(test_result_id, question_id, val) VALUES (5,2,0);
INSERT INTO TestResultAnswer(test_result_id, question_id, val) VALUES (5,3,1);
INSERT INTO TestResultAnswer(test_result_id, question_id, val) VALUES (5,4,1);
INSERT INTO TestResultAnswer(test_result_id, question_id, val) VALUES (5,5,4);
INSERT INTO TestResultAnswer(test_result_id, question_id, val) VALUES (5,6,2);
INSERT INTO TestResultAnswer(test_result_id, question_id, val) VALUES (5,7,0);
INSERT INTO TestResultAnswer(test_result_id, question_id, val) VALUES (5,8,4);
INSERT INTO TestResultAnswer(test_result_id, question_id, val) VALUES (5,9,4);
INSERT INTO TestResultAnswer(test_result_id, question_id, val) VALUES (5,10,2);
INSERT INTO TestResultAnswer(test_result_id, question_id, val) VALUES (5,11,1);
INSERT INTO TestResultAnswer(test_result_id, question_id, val) VALUES (5,12,2);
INSERT INTO TestResultAnswer(test_result_id, question_id, val) VALUES (5,13,1);
INSERT INTO TestResultAnswer(test_result_id, question_id, val) VALUES (5,14,4);
INSERT INTO TestResultAnswer(test_result_id, question_id, val) VALUES (6,1,0);
INSERT INTO TestResultAnswer(test_result_id, question_id, val) VALUES (6,2,1);
INSERT INTO TestResultAnswer(test_result_id, question_id, val) VALUES (6,3,1);
INSERT INTO TestResultAnswer(test_result_id, question_id, val) VALUES (6,4,3);
INSERT INTO TestResultAnswer(test_result_id, question_id, val) VALUES (6,5,3);
INSERT INTO TestResultAnswer(test_result_id, question_id, val) VALUES (6,6,2);
INSERT INTO TestResultAnswer(test_result_id, question_id, val) VALUES (6,7,2);
INSERT INTO TestResultAnswer(test_result_id, question_id, val) VALUES (6,8,2);
INSERT INTO TestResultAnswer(test_result_id, question_id, val) VALUES (6,9,3);
INSERT INTO TestResultAnswer(test_result_id, question_id, val) VALUES (6,10,0);
INSERT INTO TestResultAnswer(test_result_id, question_id, val) VALUES (6,11,1);
INSERT INTO TestResultAnswer(test_result_id, question_id, val) VALUES (6,12,1);
INSERT INTO TestResultAnswer(test_result_id, question_id, val) VALUES (6,13,1);
INSERT INTO TestResultAnswer(test_result_id, question_id, val) VALUES (6,14,2);
INSERT INTO TestResultAnswer(test_result_id, question_id, val) VALUES (7,1,2);
INSERT INTO TestResultAnswer(test_result_id, question_id, val) VALUES (7,2,0);
INSERT INTO TestResultAnswer(test_result_id, question_id, val) VALUES (7,3,3);
INSERT INTO TestResultAnswer(test_result_id, question_id, val) VALUES (7,4,1);
INSERT INTO TestResultAnswer(test_result_id, question_id, val) VALUES (7,5,0);
INSERT INTO TestResultAnswer(test_result_id, question_id, val) VALUES (7,6,3);
INSERT INTO TestResultAnswer(test_result_id, question_id, val) VALUES (7,7,1);
INSERT INTO TestResultAnswer(test_result_id, question_id, val) VALUES (7,8,4);
INSERT INTO TestResultAnswer(test_result_id, question_id, val) VALUES (7,9,2);
INSERT INTO TestResultAnswer(test_result_id, question_id, val) VALUES (7,10,0);
INSERT INTO TestResultAnswer(test_result_id, question_id, val) VALUES (7,11,1);
INSERT INTO TestResultAnswer(test_result_id, question_id, val) VALUES (7,12,0);
INSERT INTO TestResultAnswer(test_result_id, question_id, val) VALUES (7,13,4);
INSERT INTO TestResultAnswer(test_result_id, question_id, val) VALUES (7,14,4);
INSERT INTO TestResultAnswer(test_result_id, question_id, val) VALUES (8,1,4);
INSERT INTO TestResultAnswer(test_result_id, question_id, val) VALUES (8,2,0);
INSERT INTO TestResultAnswer(test_result_id, question_id, val) VALUES (8,3,1);
INSERT INTO TestResultAnswer(test_result_id, question_id, val) VALUES (8,4,2);
INSERT INTO TestResultAnswer(test_result_id, question_id, val) VALUES (8,5,1);
INSERT INTO TestResultAnswer(test_result_id, question_id, val) VALUES (8,6,4);
INSERT INTO TestResultAnswer(test_result_id, question_id, val) VALUES (8,7,0);
INSERT INTO TestResultAnswer(test_result_id, question_id, val) VALUES (8,8,4);
INSERT INTO TestResultAnswer(test_result_id, question_id, val) VALUES (8,9,2);
INSERT INTO TestResultAnswer(test_result_id, question_id, val) VALUES (8,10,0);
INSERT INTO TestResultAnswer(test_result_id, question_id, val) VALUES (8,11,0);
INSERT INTO TestResultAnswer(test_result_id, question_id, val) VALUES (8,12,4);
INSERT INTO TestResultAnswer(test_result_id, question_id, val) VALUES (8,13,4);
INSERT INTO TestResultAnswer(test_result_id, question_id, val) VALUES (8,14,2);
INSERT INTO TestResultAnswer(test_result_id, question_id, val) VALUES (9,1,2);
INSERT INTO TestResultAnswer(test_result_id, question_id, val) VALUES (9,2,3);
INSERT INTO TestResultAnswer(test_result_id, question_id, val) VALUES (9,3,1);
INSERT INTO TestResultAnswer(test_result_id, question_id, val) VALUES (9,4,1);
INSERT INTO TestResultAnswer(test_result_id, question_id, val) VALUES (9,5,2);
INSERT INTO TestResultAnswer(test_result_id, question_id, val) VALUES (9,6,4);
INSERT INTO TestResultAnswer(test_result_id, question_id, val) VALUES (9,7,2);
INSERT INTO TestResultAnswer(test_result_id, question_id, val) VALUES (9,8,3);
INSERT INTO TestResultAnswer(test_result_id, question_id, val) VALUES (9,9,4);
INSERT INTO TestResultAnswer(test_result_id, question_id, val) VALUES (9,10,2);
INSERT INTO TestResultAnswer(test_result_id, question_id, val) VALUES (9,11,4);
INSERT INTO TestResultAnswer(test_result_id, question_id, val) VALUES (9,12,4);
INSERT INTO TestResultAnswer(test_result_id, question_id, val) VALUES (9,13,1);
INSERT INTO TestResultAnswer(test_result_id, question_id, val) VALUES (9,14,3);
INSERT INTO TestResultAnswer(test_result_id, question_id, val) VALUES (10,1,1);
INSERT INTO TestResultAnswer(test_result_id, question_id, val) VALUES (10,2,1);
INSERT INTO TestResultAnswer(test_result_id, question_id, val) VALUES (10,3,4);
INSERT INTO TestResultAnswer(test_result_id, question_id, val) VALUES (10,4,4);
INSERT INTO TestResultAnswer(test_result_id, question_id, val) VALUES (10,5,0);
INSERT INTO TestResultAnswer(test_result_id, question_id, val) VALUES (10,6,1);
INSERT INTO TestResultAnswer(test_result_id, question_id, val) VALUES (10,7,1);
INSERT INTO TestResultAnswer(test_result_id, question_id, val) VALUES (10,8,2);
INSERT INTO TestResultAnswer(test_result_id, question_id, val) VALUES (10,9,2);
INSERT INTO TestResultAnswer(test_result_id, question_id, val) VALUES (10,10,1);
INSERT INTO TestResultAnswer(test_result_id, question_id, val) VALUES (10,11,0);
INSERT INTO TestResultAnswer(test_result_id, question_id, val) VALUES (10,12,4);
INSERT INTO TestResultAnswer(test_result_id, question_id, val) VALUES (10,13,0);
INSERT INTO TestResultAnswer(test_result_id, question_id, val) VALUES (10,14,2);
INSERT INTO TestResultAnswer(test_result_id, question_id, val) VALUES (11,1,4);
INSERT INTO TestResultAnswer(test_result_id, question_id, val) VALUES (11,2,3);
INSERT INTO TestResultAnswer(test_result_id, question_id, val) VALUES (11,3,3);
INSERT INTO TestResultAnswer(test_result_id, question_id, val) VALUES (11,4,3);
INSERT INTO TestResultAnswer(test_result_id, question_id, val) VALUES (11,5,3);
INSERT INTO TestResultAnswer(test_result_id, question_id, val) VALUES (11,6,1);
INSERT INTO TestResultAnswer(test_result_id, question_id, val) VALUES (11,7,3);
INSERT INTO TestResultAnswer(test_result_id, question_id, val) VALUES (11,8,4);
INSERT INTO TestResultAnswer(test_result_id, question_id, val) VALUES (11,9,3);
INSERT INTO TestResultAnswer(test_result_id, question_id, val) VALUES (11,10,3);
INSERT INTO TestResultAnswer(test_result_id, question_id, val) VALUES (11,11,4);
INSERT INTO TestResultAnswer(test_result_id, question_id, val) VALUES (11,12,1);
INSERT INTO TestResultAnswer(test_result_id, question_id, val) VALUES (11,13,4);
INSERT INTO TestResultAnswer(test_result_id, question_id, val) VALUES (11,14,1);
INSERT INTO TestResultAnswer(test_result_id, question_id, val) VALUES (12,1,4);
INSERT INTO TestResultAnswer(test_result_id, question_id, val) VALUES (12,2,4);
INSERT INTO TestResultAnswer(test_result_id, question_id, val) VALUES (12,3,3);
INSERT INTO TestResultAnswer(test_result_id, question_id, val) VALUES (12,4,4);
INSERT INTO TestResultAnswer(test_result_id, question_id, val) VALUES (12,5,4);
INSERT INTO TestResultAnswer(test_result_id, question_id, val) VALUES (12,6,0);
INSERT INTO TestResultAnswer(test_result_id, question_id, val) VALUES (12,7,1);
INSERT INTO TestResultAnswer(test_result_id, question_id, val) VALUES (12,8,3);
INSERT INTO TestResultAnswer(test_result_id, question_id, val) VALUES (12,9,2);
INSERT INTO TestResultAnswer(test_result_id, question_id, val) VALUES (12,10,2);
INSERT INTO TestResultAnswer(test_result_id, question_id, val) VALUES (12,11,1);
INSERT INTO TestResultAnswer(test_result_id, question_id, val) VALUES (12,12,2);
INSERT INTO TestResultAnswer(test_result_id, question_id, val) VALUES (12,13,4);
INSERT INTO TestResultAnswer(test_result_id, question_id, val) VALUES (12,14,3);
INSERT INTO TestResultAnswer(test_result_id, question_id, val) VALUES (13,1,1);
INSERT INTO TestResultAnswer(test_result_id, question_id, val) VALUES (13,2,4);
INSERT INTO TestResultAnswer(test_result_id, question_id, val) VALUES (13,3,0);
INSERT INTO TestResultAnswer(test_result_id, question_id, val) VALUES (13,4,0);
INSERT INTO TestResultAnswer(test_result_id, question_id, val) VALUES (13,5,1);
INSERT INTO TestResultAnswer(test_result_id, question_id, val) VALUES (13,6,1);
INSERT INTO TestResultAnswer(test_result_id, question_id, val) VALUES (13,7,0);
INSERT INTO TestResultAnswer(test_result_id, question_id, val) VALUES (13,8,0);
INSERT INTO TestResultAnswer(test_result_id, question_id, val) VALUES (13,9,2);
INSERT INTO TestResultAnswer(test_result_id, question_id, val) VALUES (13,10,2);
INSERT INTO TestResultAnswer(test_result_id, question_id, val) VALUES (13,11,4);
INSERT INTO TestResultAnswer(test_result_id, question_id, val) VALUES (13,12,1);
INSERT INTO TestResultAnswer(test_result_id, question_id, val) VALUES (13,13,1);
INSERT INTO TestResultAnswer(test_result_id, question_id, val) VALUES (13,14,4);
INSERT INTO TestResultAnswer(test_result_id, question_id, val) VALUES (14,1,3);
INSERT INTO TestResultAnswer(test_result_id, question_id, val) VALUES (14,2,1);
INSERT INTO TestResultAnswer(test_result_id, question_id, val) VALUES (14,3,2);
INSERT INTO TestResultAnswer(test_result_id, question_id, val) VALUES (14,4,2);
INSERT INTO TestResultAnswer(test_result_id, question_id, val) VALUES (14,5,0);
INSERT INTO TestResultAnswer(test_result_id, question_id, val) VALUES (14,6,1);
INSERT INTO TestResultAnswer(test_result_id, question_id, val) VALUES (14,7,3);
INSERT INTO TestResultAnswer(test_result_id, question_id, val) VALUES (14,8,4);
INSERT INTO TestResultAnswer(test_result_id, question_id, val) VALUES (14,9,4);
INSERT INTO TestResultAnswer(test_result_id, question_id, val) VALUES (14,10,4);
INSERT INTO TestResultAnswer(test_result_id, question_id, val) VALUES (14,11,3);
INSERT INTO TestResultAnswer(test_result_id, question_id, val) VALUES (14,12,4);
INSERT INTO TestResultAnswer(test_result_id, question_id, val) VALUES (14,13,1);
INSERT INTO TestResultAnswer(test_result_id, question_id, val) VALUES (14,14,1);
INSERT INTO TestResultAnswer(test_result_id, question_id, val) VALUES (15,1,2);
INSERT INTO TestResultAnswer(test_result_id, question_id, val) VALUES (15,2,1);
INSERT INTO TestResultAnswer(test_result_id, question_id, val) VALUES (15,3,0);
INSERT INTO TestResultAnswer(test_result_id, question_id, val) VALUES (15,4,0);
INSERT INTO TestResultAnswer(test_result_id, question_id, val) VALUES (15,5,0);
INSERT INTO TestResultAnswer(test_result_id, question_id, val) VALUES (15,6,1);
INSERT INTO TestResultAnswer(test_result_id, question_id, val) VALUES (15,7,2);
INSERT INTO TestResultAnswer(test_result_id, question_id, val) VALUES (15,8,0);
INSERT INTO TestResultAnswer(test_result_id, question_id, val) VALUES (15,9,2);
INSERT INTO TestResultAnswer(test_result_id, question_id, val) VALUES (15,10,1);
INSERT INTO TestResultAnswer(test_result_id, question_id, val) VALUES (15,11,2);
INSERT INTO TestResultAnswer(test_result_id, question_id, val) VALUES (15,12,2);
INSERT INTO TestResultAnswer(test_result_id, question_id, val) VALUES (15,13,0);
INSERT INTO TestResultAnswer(test_result_id, question_id, val) VALUES (15,14,1);
INSERT INTO TestResultAnswer(test_result_id, question_id, val) VALUES (16,1,2);
INSERT INTO TestResultAnswer(test_result_id, question_id, val) VALUES (16,2,0);
INSERT INTO TestResultAnswer(test_result_id, question_id, val) VALUES (16,3,0);
INSERT INTO TestResultAnswer(test_result_id, question_id, val) VALUES (16,4,4);
INSERT INTO TestResultAnswer(test_result_id, question_id, val) VALUES (16,5,2);
INSERT INTO TestResultAnswer(test_result_id, question_id, val) VALUES (16,6,2);
INSERT INTO TestResultAnswer(test_result_id, question_id, val) VALUES (16,7,4);
INSERT INTO TestResultAnswer(test_result_id, question_id, val) VALUES (16,8,3);
INSERT INTO TestResultAnswer(test_result_id, question_id, val) VALUES (16,9,2);
INSERT INTO TestResultAnswer(test_result_id, question_id, val) VALUES (16,10,4);
INSERT INTO TestResultAnswer(test_result_id, question_id, val) VALUES (16,11,2);
INSERT INTO TestResultAnswer(test_result_id, question_id, val) VALUES (16,12,3);
INSERT INTO TestResultAnswer(test_result_id, question_id, val) VALUES (16,13,3);
INSERT INTO TestResultAnswer(test_result_id, question_id, val) VALUES (16,14,4);
INSERT INTO TestResultAnswer(test_result_id, question_id, val) VALUES (17,1,2);
INSERT INTO TestResultAnswer(test_result_id, question_id, val) VALUES (17,2,0);
INSERT INTO TestResultAnswer(test_result_id, question_id, val) VALUES (17,3,0);
INSERT INTO TestResultAnswer(test_result_id, question_id, val) VALUES (17,4,3);
INSERT INTO TestResultAnswer(test_result_id, question_id, val) VALUES (17,5,0);
INSERT INTO TestResultAnswer(test_result_id, question_id, val) VALUES (17,6,3);
INSERT INTO TestResultAnswer(test_result_id, question_id, val) VALUES (17,7,1);
INSERT INTO TestResultAnswer(test_result_id, question_id, val) VALUES (17,8,0);
INSERT INTO TestResultAnswer(test_result_id, question_id, val) VALUES (17,9,3);
INSERT INTO TestResultAnswer(test_result_id, question_id, val) VALUES (17,10,0);
INSERT INTO TestResultAnswer(test_result_id, question_id, val) VALUES (17,11,0);
INSERT INTO TestResultAnswer(test_result_id, question_id, val) VALUES (17,12,1);
INSERT INTO TestResultAnswer(test_result_id, question_id, val) VALUES (17,13,3);
INSERT INTO TestResultAnswer(test_result_id, question_id, val) VALUES (17,14,3);
INSERT INTO TestResultAnswer(test_result_id, question_id, val) VALUES (18,1,1);
INSERT INTO TestResultAnswer(test_result_id, question_id, val) VALUES (18,2,0);
INSERT INTO TestResultAnswer(test_result_id, question_id, val) VALUES (18,3,2);
INSERT INTO TestResultAnswer(test_result_id, question_id, val) VALUES (18,4,3);
INSERT INTO TestResultAnswer(test_result_id, question_id, val) VALUES (18,5,0);
INSERT INTO TestResultAnswer(test_result_id, question_id, val) VALUES (18,6,4);
INSERT INTO TestResultAnswer(test_result_id, question_id, val) VALUES (18,7,1);
INSERT INTO TestResultAnswer(test_result_id, question_id, val) VALUES (18,8,3);
INSERT INTO TestResultAnswer(test_result_id, question_id, val) VALUES (18,9,1);
INSERT INTO TestResultAnswer(test_result_id, question_id, val) VALUES (18,10,2);
INSERT INTO TestResultAnswer(test_result_id, question_id, val) VALUES (18,11,0);
INSERT INTO TestResultAnswer(test_result_id, question_id, val) VALUES (18,12,4);
INSERT INTO TestResultAnswer(test_result_id, question_id, val) VALUES (18,13,0);
INSERT INTO TestResultAnswer(test_result_id, question_id, val) VALUES (18,14,0);
INSERT INTO TestResultAnswer(test_result_id, question_id, val) VALUES (19,1,4);
INSERT INTO TestResultAnswer(test_result_id, question_id, val) VALUES (19,2,2);
INSERT INTO TestResultAnswer(test_result_id, question_id, val) VALUES (19,3,0);
INSERT INTO TestResultAnswer(test_result_id, question_id, val) VALUES (19,4,4);
INSERT INTO TestResultAnswer(test_result_id, question_id, val) VALUES (19,5,4);
INSERT INTO TestResultAnswer(test_result_id, question_id, val) VALUES (19,6,4);
INSERT INTO TestResultAnswer(test_result_id, question_id, val) VALUES (19,7,2);
INSERT INTO TestResultAnswer(test_result_id, question_id, val) VALUES (19,8,1);
INSERT INTO TestResultAnswer(test_result_id, question_id, val) VALUES (19,9,0);
INSERT INTO TestResultAnswer(test_result_id, question_id, val) VALUES (19,10,2);
INSERT INTO TestResultAnswer(test_result_id, question_id, val) VALUES (19,11,3);
INSERT INTO TestResultAnswer(test_result_id, question_id, val) VALUES (19,12,3);
INSERT INTO TestResultAnswer(test_result_id, question_id, val) VALUES (19,13,1);
INSERT INTO TestResultAnswer(test_result_id, question_id, val) VALUES (19,14,0);
INSERT INTO TestResultAnswer(test_result_id, question_id, val) VALUES (20,1,2);
INSERT INTO TestResultAnswer(test_result_id, question_id, val) VALUES (20,2,3);
INSERT INTO TestResultAnswer(test_result_id, question_id, val) VALUES (20,3,0);
INSERT INTO TestResultAnswer(test_result_id, question_id, val) VALUES (20,4,1);
INSERT INTO TestResultAnswer(test_result_id, question_id, val) VALUES (20,5,0);
INSERT INTO TestResultAnswer(test_result_id, question_id, val) VALUES (20,6,1);
INSERT INTO TestResultAnswer(test_result_id, question_id, val) VALUES (20,7,2);
INSERT INTO TestResultAnswer(test_result_id, question_id, val) VALUES (20,8,2);
INSERT INTO TestResultAnswer(test_result_id, question_id, val) VALUES (20,9,4);
INSERT INTO TestResultAnswer(test_result_id, question_id, val) VALUES (20,10,4);
INSERT INTO TestResultAnswer(test_result_id, question_id, val) VALUES (20,11,2);
INSERT INTO TestResultAnswer(test_result_id, question_id, val) VALUES (20,12,2);
INSERT INTO TestResultAnswer(test_result_id, question_id, val) VALUES (20,13,2);
INSERT INTO TestResultAnswer(test_result_id, question_id, val) VALUES (20,14,3);
INSERT INTO TestResultAnswer(test_result_id, question_id, val) VALUES (21,1,2);
INSERT INTO TestResultAnswer(test_result_id, question_id, val) VALUES (21,2,4);
INSERT INTO TestResultAnswer(test_result_id, question_id, val) VALUES (21,3,3);
INSERT INTO TestResultAnswer(test_result_id, question_id, val) VALUES (21,4,2);
INSERT INTO TestResultAnswer(test_result_id, question_id, val) VALUES (21,5,1);
INSERT INTO TestResultAnswer(test_result_id, question_id, val) VALUES (21,6,0);
INSERT INTO TestResultAnswer(test_result_id, question_id, val) VALUES (21,7,2);
INSERT INTO TestResultAnswer(test_result_id, question_id, val) VALUES (21,8,2);
INSERT INTO TestResultAnswer(test_result_id, question_id, val) VALUES (21,9,4);
INSERT INTO TestResultAnswer(test_result_id, question_id, val) VALUES (21,10,3);
INSERT INTO TestResultAnswer(test_result_id, question_id, val) VALUES (21,11,2);
INSERT INTO TestResultAnswer(test_result_id, question_id, val) VALUES (21,12,4);
INSERT INTO TestResultAnswer(test_result_id, question_id, val) VALUES (21,13,2);
INSERT INTO TestResultAnswer(test_result_id, question_id, val) VALUES (21,14,2);
INSERT INTO TestResultAnswer(test_result_id, question_id, val) VALUES (22,1,4);
INSERT INTO TestResultAnswer(test_result_id, question_id, val) VALUES (22,2,1);
INSERT INTO TestResultAnswer(test_result_id, question_id, val) VALUES (22,3,1);
INSERT INTO TestResultAnswer(test_result_id, question_id, val) VALUES (22,4,2);
INSERT INTO TestResultAnswer(test_result_id, question_id, val) VALUES (22,5,1);
INSERT INTO TestResultAnswer(test_result_id, question_id, val) VALUES (22,6,3);
INSERT INTO TestResultAnswer(test_result_id, question_id, val) VALUES (22,7,3);
INSERT INTO TestResultAnswer(test_result_id, question_id, val) VALUES (22,8,3);
INSERT INTO TestResultAnswer(test_result_id, question_id, val) VALUES (22,9,4);
INSERT INTO TestResultAnswer(test_result_id, question_id, val) VALUES (22,10,1);
INSERT INTO TestResultAnswer(test_result_id, question_id, val) VALUES (22,11,0);
INSERT INTO TestResultAnswer(test_result_id, question_id, val) VALUES (22,12,0);
INSERT INTO TestResultAnswer(test_result_id, question_id, val) VALUES (22,13,1);
INSERT INTO TestResultAnswer(test_result_id, question_id, val) VALUES (22,14,4);
INSERT INTO TestResultAnswer(test_result_id, question_id, val) VALUES (23,1,2);
INSERT INTO TestResultAnswer(test_result_id, question_id, val) VALUES (23,2,4);
INSERT INTO TestResultAnswer(test_result_id, question_id, val) VALUES (23,3,3);
INSERT INTO TestResultAnswer(test_result_id, question_id, val) VALUES (23,4,3);
INSERT INTO TestResultAnswer(test_result_id, question_id, val) VALUES (23,5,3);
INSERT INTO TestResultAnswer(test_result_id, question_id, val) VALUES (23,6,0);
INSERT INTO TestResultAnswer(test_result_id, question_id, val) VALUES (23,7,4);
INSERT INTO TestResultAnswer(test_result_id, question_id, val) VALUES (23,8,2);
INSERT INTO TestResultAnswer(test_result_id, question_id, val) VALUES (23,9,2);
INSERT INTO TestResultAnswer(test_result_id, question_id, val) VALUES (23,10,3);
INSERT INTO TestResultAnswer(test_result_id, question_id, val) VALUES (23,11,2);
INSERT INTO TestResultAnswer(test_result_id, question_id, val) VALUES (23,12,4);
INSERT INTO TestResultAnswer(test_result_id, question_id, val) VALUES (23,13,1);
INSERT INTO TestResultAnswer(test_result_id, question_id, val) VALUES (23,14,0);
INSERT INTO TestResultAnswer(test_result_id, question_id, val) VALUES (24,1,0);
INSERT INTO TestResultAnswer(test_result_id, question_id, val) VALUES (24,2,2);
INSERT INTO TestResultAnswer(test_result_id, question_id, val) VALUES (24,3,4);
INSERT INTO TestResultAnswer(test_result_id, question_id, val) VALUES (24,4,1);
INSERT INTO TestResultAnswer(test_result_id, question_id, val) VALUES (24,5,3);
INSERT INTO TestResultAnswer(test_result_id, question_id, val) VALUES (24,6,4);
INSERT INTO TestResultAnswer(test_result_id, question_id, val) VALUES (24,7,2);
INSERT INTO TestResultAnswer(test_result_id, question_id, val) VALUES (24,8,3);
INSERT INTO TestResultAnswer(test_result_id, question_id, val) VALUES (24,9,4);
INSERT INTO TestResultAnswer(test_result_id, question_id, val) VALUES (24,10,1);
INSERT INTO TestResultAnswer(test_result_id, question_id, val) VALUES (24,11,3);
INSERT INTO TestResultAnswer(test_result_id, question_id, val) VALUES (24,12,3);
INSERT INTO TestResultAnswer(test_result_id, question_id, val) VALUES (24,13,3);
INSERT INTO TestResultAnswer(test_result_id, question_id, val) VALUES (24,14,0);
INSERT INTO TestResultAnswer(test_result_id, question_id, val) VALUES (25,1,2);
INSERT INTO TestResultAnswer(test_result_id, question_id, val) VALUES (25,2,2);
INSERT INTO TestResultAnswer(test_result_id, question_id, val) VALUES (25,3,1);
INSERT INTO TestResultAnswer(test_result_id, question_id, val) VALUES (25,4,4);
INSERT INTO TestResultAnswer(test_result_id, question_id, val) VALUES (25,5,0);
INSERT INTO TestResultAnswer(test_result_id, question_id, val) VALUES (25,6,2);
INSERT INTO TestResultAnswer(test_result_id, question_id, val) VALUES (25,7,2);
INSERT INTO TestResultAnswer(test_result_id, question_id, val) VALUES (25,8,0);
INSERT INTO TestResultAnswer(test_result_id, question_id, val) VALUES (25,9,1);
INSERT INTO TestResultAnswer(test_result_id, question_id, val) VALUES (25,10,3);
INSERT INTO TestResultAnswer(test_result_id, question_id, val) VALUES (25,11,2);
INSERT INTO TestResultAnswer(test_result_id, question_id, val) VALUES (25,12,3);
INSERT INTO TestResultAnswer(test_result_id, question_id, val) VALUES (25,13,3);
INSERT INTO TestResultAnswer(test_result_id, question_id, val) VALUES (25,14,3);


#Paciente 1
insert into Consulta (consulta_id, consulta_date, motivo, nota_clinica, peso, estatura, doctor_id, paciente_id, test_result_id, receta_id) values (1, '2017-10-07 10:00:45', 'Dificultad para dormir','Insomnio', 56, 132, 2, 1, 1, 1);
insert into Consulta (consulta_id, consulta_date, motivo, nota_clinica, peso, estatura, doctor_id, paciente_id, test_result_id, receta_id) values (2, '2017-10-14 10:03:01', 'El paciente se siente ansioso y tiene problemas para conciliar el sueño','Insomnio / Ansiedad generalizada', 56, 132, 2, 1, 1, 1);
insert into Consulta (consulta_id, consulta_date, motivo, nota_clinica, peso, estatura, doctor_id, paciente_id, test_result_id, receta_id) values (3, '2017-10-21 10:00:54', 'Tiene una gran variedad de hora de dormir y no supera las 3 horas de sueño.','Insomnio', 56, 132, 2, 1, 2, 2);
insert into Consulta (consulta_id, consulta_date, motivo, nota_clinica, peso, estatura, doctor_id, paciente_id, test_result_id, receta_id) values (4, '2017-10-28 10:01:20', 'Se ha extendido sus horas de sueño pero aun necesita apoyo de medicamentos para dormir.','Insomnio', 56, 132, 2, 1, 2, 2);
insert into Consulta (consulta_id, consulta_date, motivo, nota_clinica, peso, estatura, doctor_id, paciente_id, test_result_id, receta_id) values (5, '2017-11-04 10:14:24', 'No hay aumento en horas de sueño','Insomnio', 56, 132, 2, 1, 3, 3);
insert into Consulta (consulta_id, consulta_date, motivo, nota_clinica, peso, estatura, doctor_id, paciente_id, test_result_id, receta_id) values (6, '2017-11-11 10:05:18', 'Se identificó parte de la causa del insomnio y se están tomando medidas. Aumentó las horas de sueño.','Insomnio', 56, 132, 2, 1, 3, 3);
insert into Consulta (consulta_id, consulta_date, motivo, nota_clinica, peso, estatura, doctor_id, paciente_id, test_result_id, receta_id) values (7, '2017-11-18 10:01:34', 'El muchacho tiene problemas de estrés que genera insomnio.','Insomnio / Ansiedad general', 56, 132, 2, 1, 4, 4);
insert into Consulta (consulta_id, consulta_date, motivo, nota_clinica, peso, estatura, doctor_id, paciente_id, test_result_id, receta_id) values (8, '2017-11-25 10:00:41', 'Mejora en horas de sueño y en cantidad de estrés','Insomnio / Ansiedad general', 56, 132, 2, 1, 4, 4);
insert into Consulta (consulta_id, consulta_date, motivo, nota_clinica, peso, estatura, doctor_id, paciente_id, test_result_id, receta_id) values (9, '2017-12-02 10:03:25', 'Consulta para ver mejoras.','Insomnio', 56, 132, 2, 1, 5, 5);
insert into Consulta (consulta_id, consulta_date, motivo, nota_clinica, peso, estatura, doctor_id, paciente_id, test_result_id, receta_id) values (10, '2017-12-09 10:01:01', 'Terminar tratamiento para regular horas de sueño.','Insomnio', 56, 132, 2, 1, 5, 5);

#Paciente 2
insert into Consulta (consulta_id, consulta_date, motivo, nota_clinica, peso, estatura, doctor_id, paciente_id, test_result_id, receta_id) values (11, '2017-10-07 11:00:45', 'Adicción a tabaco','Dependencia de consumo de sustancias.', 63, 162, 2, 2, 6, 6);
insert into Consulta (consulta_id, consulta_date, motivo, nota_clinica, peso, estatura, doctor_id, paciente_id, test_result_id, receta_id) values (12, '2017-10-14 11:03:01', 'El paciente se siente ansioso y no puede dejar de fumar.','Dependencia de consumo de sustancias', 63, 162, 2, 2, 6, 6);
insert into Consulta (consulta_id, consulta_date, motivo, nota_clinica, peso, estatura, doctor_id, paciente_id, test_result_id, receta_id) values (13, '2017-10-21 11:00:54', 'Se quiere dejar de fumar por lo que se buscan sustitutos más saludables.','Dependencia de consumo de sustancias', 63, 162, 2, 2, 7, 7);
insert into Consulta (consulta_id, consulta_date, motivo, nota_clinica, peso, estatura, doctor_id, paciente_id, test_result_id, receta_id) values (14, '2017-10-28 11:01:20', 'Se ha logrado una disminución en consumo de nicotina pero aún se tiene la necesidad.','Dependencia de consumo de sustancias', 63, 162, 2, 2, 7, 7);
insert into Consulta (consulta_id, consulta_date, motivo, nota_clinica, peso, estatura, doctor_id, paciente_id, test_result_id, receta_id) values (15, '2017-11-04 11:14:24', 'Ajuste de tratamiento para eficientizar el consumo de nicotina.', 'Dependencia de consumo de sustancias', 63, 162, 2, 2, 8, 8);
insert into Consulta (consulta_id, consulta_date, motivo, nota_clinica, peso, estatura, doctor_id, paciente_id, test_result_id, receta_id) values (16, '2017-11-11 11:05:18', 'Se ha podido reducir en gran cantidad la adicción, sin embargo, se necesita controlar','Dependencia de consumo de sustancias', 63, 162, 2, 2, 8, 8);
insert into Consulta (consulta_id, consulta_date, motivo, nota_clinica, peso, estatura, doctor_id, paciente_id, test_result_id, receta_id) values (17, '2017-11-18 11:01:34', 'Disminución de tratamiento.','Dependencia de consumo de sustancias', 63, 162, 2, 2, 9, 9);
insert into Consulta (consulta_id, consulta_date, motivo, nota_clinica, peso, estatura, doctor_id, paciente_id, test_result_id, receta_id) values (18, '2017-11-25 11:00:41', 'Se presenta ansiedad ligera en el paciente.','Dependencia de consumo de sustancias', 63, 162, 2, 2, 9, 9);
insert into Consulta (consulta_id, consulta_date, motivo, nota_clinica, peso, estatura, doctor_id, paciente_id, test_result_id, receta_id) values (19, '2017-12-02 11:03:25', 'Mantención de tratamiento.','Dependencia de consumo de sustancias', 63, 162, 2, 2, 10, 10);
insert into Consulta (consulta_id, consulta_date, motivo, nota_clinica, peso, estatura, doctor_id, paciente_id, test_result_id, receta_id) values (20, '2017-12-09 11:01:01', 'Terminar tratamiento para mantener la abstención de consumo de nicotina.','Dependencia de consumo de sustancias', 63, 162, 2, 2, 10, 10);

#Paciente 3

insert into Consulta (consulta_id, consulta_date, motivo, nota_clinica, peso, estatura, doctor_id, paciente_id, test_result_id, receta_id) values (21, '2017-10-07 12:00:45', 'El paciente presenta alteración de comportamiento e insomnio por lo que hay un inminente riesgo de recaída.','Esquizofrenia', 75, 170, 1, 3, 11, 11);
insert into Consulta (consulta_id, consulta_date, motivo, nota_clinica, peso, estatura, doctor_id, paciente_id, test_result_id, receta_id) values (22, '2017-10-14 12:03:25', 'Presenta alucinaciones y dificultad de concentración.','Esquizofrenia', 75, 170, 1, 3, 11, 11);
insert into Consulta (consulta_id, consulta_date, motivo, nota_clinica, peso, estatura, doctor_id, paciente_id, test_result_id, receta_id) values (23, '2017-10-21 12:10:20', 'Se estabilizó el insomnio y se mantendrá el tratamiento para regulación.','Esquizofrenia', 75, 170, 1, 3, 12, 12);
insert into Consulta (consulta_id, consulta_date, motivo, nota_clinica, peso, estatura, doctor_id, paciente_id, test_result_id, receta_id) values (24, '2017-10-28 12:05:03', 'Mantención de tratamiento.','Esquizofrenia', 75, 170, 1, 3, 12, 12);
insert into Consulta (consulta_id, consulta_date, motivo, nota_clinica, peso, estatura, doctor_id, paciente_id, test_result_id, receta_id) values (25, '2017-11-04 12:01:41', 'Mantención de tratamiento','Esquizofrenia', 75, 170, 1, 3, 13, 13);
insert into Consulta (consulta_id, consulta_date, motivo, nota_clinica, peso, estatura, doctor_id, paciente_id, test_result_id, receta_id) values (26, '2017-11-11 12:02:15', 'Cuadro de depresión ligera','Esquizofrenia', 75, 170, 1, 3, 13, 13);
insert into Consulta (consulta_id, consulta_date, motivo, nota_clinica, peso, estatura, doctor_id, paciente_id, test_result_id, receta_id) values (27, '2017-11-18 12:00:18', 'Mantención de tratamiento','Esquizofrenia', 75, 170, 1, 3, 14, 14);
insert into Consulta (consulta_id, consulta_date, motivo, nota_clinica, peso, estatura, doctor_id, paciente_id, test_result_id, receta_id) values (28, '2017-11-25 12:04:23', 'Alucinaciones frecuentes y ansiedad','Esquizofrenia', 75, 170, 1, 3, 14, 14);
insert into Consulta (consulta_id, consulta_date, motivo, nota_clinica, peso, estatura, doctor_id, paciente_id, test_result_id, receta_id) values (29, '2017-12-02 12:02:29', 'Mantención de tratamiento', 'Esquizofrenia',  75, 170, 1, 3, 15, 15);
insert into Consulta (consulta_id, consulta_date, motivo, nota_clinica, peso, estatura, doctor_id, paciente_id, test_result_id, receta_id) values (30, '2017-12-09 12:01:57', 'Mantención de tratamiento', 'Esquizofrenia', 75, 170, 1, 3, 15, 15);

#Paciente 4
insert into Consulta (consulta_id, consulta_date, motivo, nota_clinica, peso, estatura, doctor_id, paciente_id, test_result_id, receta_id) values (31, '2017-10-07 15:00:45', 'Dificultad para dormir','Insomnio', 60, 154, 1, 4, 16, 16);
insert into Consulta (consulta_id, consulta_date, motivo, nota_clinica, peso, estatura, doctor_id, paciente_id, test_result_id, receta_id) values (32, '2017-10-14 15:03:01', 'El paciente se siente ansioso y tiene problemas para conciliar el sueño','Insomnio / Ansiedad generalizada', 60, 154, 1, 4, 16, 16);
insert into Consulta (consulta_id, consulta_date, motivo, nota_clinica, peso, estatura, doctor_id, paciente_id, test_result_id, receta_id) values (33, '2017-10-21 15:00:54', 'Tiene una gran variedad de hora de dormir y no supera las 3 horas de sueño.','Insomnio', 60, 154, 1, 4, 17, 17);
insert into Consulta (consulta_id, consulta_date, motivo, nota_clinica, peso, estatura, doctor_id, paciente_id, test_result_id, receta_id) values (34, '2017-10-28 15:01:20', 'Se ha extendido sus horas de sueño pero aun necesita apoyo de medicamentos para dormir.','Insomnio', 60, 154, 1, 4, 17, 17);
insert into Consulta (consulta_id, consulta_date, motivo, nota_clinica, peso, estatura, doctor_id, paciente_id, test_result_id, receta_id) values (35, '2017-11-04 15:14:24', 'No hay aumento en horas de sueño','Insomnio', 60, 154, 1, 4, 18, 18);
insert into Consulta (consulta_id, consulta_date, motivo, nota_clinica, peso, estatura, doctor_id, paciente_id, test_result_id, receta_id) values (36, '2017-11-11 15:05:18', 'Se identificó parte de la causa del insomnio y se están tomando medidas. Aumentó las horas de sueño.','Insomnio', 60, 154, 1, 4, 18, 18);
insert into Consulta (consulta_id, consulta_date, motivo, nota_clinica, peso, estatura, doctor_id, paciente_id, test_result_id, receta_id) values (37, '2017-11-18 15:01:34', 'El muchacho tiene problemas de estrés que genera insomnio.','Insomnio / Ansiedad general', 60, 154, 1, 4, 19, 19);
insert into Consulta (consulta_id, consulta_date, motivo, nota_clinica, peso, estatura, doctor_id, paciente_id, test_result_id, receta_id) values (38, '2017-11-25 15:00:41', 'Mejora en horas de sueño y en cantidad de estrés','Insomnio / Ansiedad general', 60, 154, 1, 4, 19, 19);
insert into Consulta (consulta_id, consulta_date, motivo, nota_clinica, peso, estatura, doctor_id, paciente_id, test_result_id, receta_id) values (39, '2017-12-02 15:03:25', 'Consulta para ver mejoras.','Insomnio', 60, 154, 1, 4, 20, 20);
insert into Consulta (consulta_id, consulta_date, motivo, nota_clinica, peso, estatura, doctor_id, paciente_id, test_result_id, receta_id) values (40, '2017-12-09 15:01:01', 'Terminar tratamiento para regular horas de sueño.','Insomnio', 60, 154, 1, 4, 20, 20);

#Paciente 5

insert into Consulta (consulta_id, consulta_date, motivo, nota_clinica, peso, estatura, doctor_id, paciente_id, test_result_id, receta_id) values (41, '2017-10-07 16:00:45', 'El paciente presenta ansiedad y ataquess de pánico', 'Ataque de pánico', 45, 143, 1, 5, 21, 21);
insert into Consulta (consulta_id, consulta_date, motivo, nota_clinica, peso, estatura, doctor_id, paciente_id, test_result_id, receta_id) values (42, '2017-10-14 16:03:01', 'No puede continuar con sus tareas diarias.','Ataque de pánico', 45, 143, 1, 5, 21, 21);
insert into Consulta (consulta_id, consulta_date, motivo, nota_clinica, peso, estatura, doctor_id, paciente_id, test_result_id, receta_id) values (43, '2017-10-21 16:00:54', 'No puede salir de su casa','Ataque de pánico', 45, 143, 1, 5, 22, 22);
insert into Consulta (consulta_id, consulta_date, motivo, nota_clinica, peso, estatura, doctor_id, paciente_id, test_result_id, receta_id) values (44, '2017-10-28 16:01:20', 'Presenta insomnio','Ataque de pánico', 45, 143, 1, 5, 22, 22);
insert into Consulta (consulta_id, consulta_date, motivo, nota_clinica, peso, estatura, doctor_id, paciente_id, test_result_id, receta_id) values (45, '2017-11-04 16:14:24', 'Irregularidades en comportamiento','Ataque de pánico', 45, 143, 1, 5, 23, 23);
insert into Consulta (consulta_id, consulta_date, motivo, nota_clinica, peso, estatura, doctor_id, paciente_id, test_result_id, receta_id) values (46, '2017-11-11 16:05:18', 'Ansiedad y posibles ataques de pánico en lugares concurridos','Ataque de pánico', 45, 143, 1, 5, 23, 23);
insert into Consulta (consulta_id, consulta_date, motivo, nota_clinica, peso, estatura, doctor_id, paciente_id, test_result_id, receta_id) values (47, '2017-11-18 16:01:34', 'Ha podido conciliar sueño y ha bajado el índice de ansiedad','Ataque de pánico', 45, 143, 1, 5, 24, 24);
insert into Consulta (consulta_id, consulta_date, motivo, nota_clinica, peso, estatura, doctor_id, paciente_id, test_result_id, receta_id) values (48, '2017-11-25 16:00:41', 'Se ha mantenido estable, se mantendrá el tratamiento','Ataque de pánico', 45, 143, 1, 5, 24, 24);
insert into Consulta (consulta_id, consulta_date, motivo, nota_clinica, peso, estatura, doctor_id, paciente_id, test_result_id, receta_id) values (49, '2017-12-02 16:03:25', 'Mantención de tratamiento','Ataque de pánico', 45, 143, 1, 5, 25, 25);
insert into Consulta (consulta_id, consulta_date, motivo, nota_clinica, peso, estatura, doctor_id, paciente_id, test_result_id, receta_id) values (50, '2017-12-09 16:01:01', 'Mantención de tratamiento','Ataque de pánico', 45, 143, 1, 5, 25, 25);

insert into DiagnosticoConsulta (consulta_id, dsm5_id) values (1, 401);
insert into DiagnosticoConsulta (consulta_id, dsm5_id) values (2, 401);
insert into DiagnosticoConsulta (consulta_id, dsm5_id) values (3, 401);
insert into DiagnosticoConsulta (consulta_id, dsm5_id) values (4, 401);
insert into DiagnosticoConsulta (consulta_id, dsm5_id) values (5, 401);
insert into DiagnosticoConsulta (consulta_id, dsm5_id) values (6, 880);
insert into DiagnosticoConsulta (consulta_id, dsm5_id) values (7, 880);
insert into DiagnosticoConsulta (consulta_id, dsm5_id) values (8, 880);
insert into DiagnosticoConsulta (consulta_id, dsm5_id) values (9, 880);
insert into DiagnosticoConsulta (consulta_id, dsm5_id) values (10, 880);
insert into DiagnosticoConsulta (consulta_id, dsm5_id) values (11, 688);
insert into DiagnosticoConsulta (consulta_id, dsm5_id) values (12, 688);
insert into DiagnosticoConsulta (consulta_id, dsm5_id) values (13, 688);
insert into DiagnosticoConsulta (consulta_id, dsm5_id) values (14, 688);
insert into DiagnosticoConsulta (consulta_id, dsm5_id) values (15, 688);
insert into DiagnosticoConsulta (consulta_id, dsm5_id) values (16, 401);
insert into DiagnosticoConsulta (consulta_id, dsm5_id) values (17, 401);
insert into DiagnosticoConsulta (consulta_id, dsm5_id) values (18, 401);
insert into DiagnosticoConsulta (consulta_id, dsm5_id) values (19, 401);
insert into DiagnosticoConsulta (consulta_id, dsm5_id) values (20, 401);
insert into DiagnosticoConsulta (consulta_id, dsm5_id) values (21, 696);
insert into DiagnosticoConsulta (consulta_id, dsm5_id) values (22, 696);
insert into DiagnosticoConsulta (consulta_id, dsm5_id) values (23, 696);
insert into DiagnosticoConsulta (consulta_id, dsm5_id) values (24, 696);
insert into DiagnosticoConsulta (consulta_id, dsm5_id) values (25, 696);
ROLLBACK;

